row_key,WEEK,REGION,COUNTRY,ADMIN1,EVENT_TYPE,SUB_EVENT_TYPE,EVENTS,FATALITIES,POPULATION_EXPOSURE,DISORDER_TYPE,ID,CENTROID_LATITUDE,CENTROID_LONGITUDE
Algeria#2026-04-18#48.0,2026-04-18,Northern Africa,Algeria,Ain Defla,Battles,Armed clash,1,1,,Political violence,48.0,36.1614,2.086
Algeria#2026-04-18#61.0,2026-04-18,Northern Africa,Algeria,Constantine,Protests,Peaceful protest,1,0,,Demonstrations,61.0,36.3603,6.6681
Algeria#2026-04-25#63.0,2026-04-25,Northern Africa,Algeria,El Bayadh,Protests,Peaceful protest,1,0,,Demonstrations,63.0,32.6085,1.1104
Algeria#2026-04-18#85.0,2026-04-18,Northern Africa,Algeria,Setif,Protests,Peaceful protest,1,0,,Demonstrations,85.0,36.1089,5.5587
Algeria#2026-04-18#86.0,2026-04-18,Northern Africa,Algeria,Sidi Bel Abbes,Protests,Peaceful protest,1,0,,Demonstrations,86.0,34.687,-0.4403
Algeria#2026-04-25#92.0,2026-04-25,Northern Africa,Algeria,Tindouf,Battles,Armed clash,1,0,,Political violence,92.0,27.5815,-6.2692
Algeria#2026-04-25#92.0,2026-04-25,Northern Africa,Algeria,Tindouf,Protests,Peaceful protest,1,0,,Demonstrations,92.0,27.5815,-6.2692
Algeria#2026-04-25#92.0,2026-04-25,Northern Africa,Algeria,Tindouf,Violence against civilians,Attack,1,3,,Political violence,92.0,27.5815,-6.2692
Egypt#2026-04-18#827.0,2026-04-18,Northern Africa,Egypt,Cairo,Protests,Peaceful protest,1,0,,Demonstrations,827.0,30.0371,31.564
Egypt#2026-04-25#832.0,2026-04-25,Northern Africa,Egypt,Giza,Protests,Peaceful protest,1,0,,Demonstrations,832.0,29.0541,29.4188
Egypt#2026-04-18#842.0,2026-04-18,Northern Africa,Egypt,Qalyubia,Protests,Peaceful protest,2,0,,Demonstrations,842.0,30.3305,31.2254
Egypt#2026-05-02#842.0,2026-05-02,Northern Africa,Egypt,Qalyubia,Protests,Peaceful protest,1,0,,Demonstrations,842.0,30.3305,31.2254
Egypt#2026-05-02#844.0,2026-05-02,Northern Africa,Egypt,Red Sea,Strategic developments,Change to group/activity,3,0,,Strategic developments,844.0,25.5699,34.0472
Libya#2026-04-25#1769.0,2026-04-25,Northern Africa,Libya,East,Explosions/Remote violence,Remote explosive/landmine/IED,1,1,,Political violence,1769.0,26.5133,22.0846
Libya#2026-04-18#1769.0,2026-04-18,Northern Africa,Libya,East,Protests,Peaceful protest,1,0,,Demonstrations,1769.0,26.5133,22.0846
Libya#2026-04-18#1769.0,2026-04-18,Northern Africa,Libya,East,Strategic developments,Arrests,3,0,,Strategic developments,1769.0,26.5133,22.0846
Libya#2026-05-02#1769.0,2026-05-02,Northern Africa,Libya,East,Strategic developments,Arrests,1,0,,Strategic developments,1769.0,26.5133,22.0846
Libya#2026-04-18#1769.0,2026-04-18,Northern Africa,Libya,East,Strategic developments,Change to group/activity,1,0,,Strategic developments,1769.0,26.5133,22.0846
Libya#2026-04-18#1769.0,2026-04-18,Northern Africa,Libya,East,Strategic developments,Other,2,0,,Strategic developments,1769.0,26.5133,22.0846
Libya#2026-04-25#1769.0,2026-04-25,Northern Africa,Libya,East,Strategic developments,Other,1,0,,Strategic developments,1769.0,26.5133,22.0846
Libya#2026-05-02#1769.0,2026-05-02,Northern Africa,Libya,East,Strategic developments,Other,1,0,,Strategic developments,1769.0,26.5133,22.0846
Libya#2026-04-18#1769.0,2026-04-18,Northern Africa,Libya,East,Violence against civilians,Attack,1,0,,Political violence,1769.0,26.5133,22.0846
Libya#2026-04-18#1771.0,2026-04-18,Northern Africa,Libya,West,Battles,Armed clash,1,0,,Political violence,1771.0,30.8294,14.1486
Libya#2026-04-25#1771.0,2026-04-25,Northern Africa,Libya,West,Battles,Armed clash,3,4,,Political violence,1771.0,30.8294,14.1486
Libya#2026-05-02#1771.0,2026-05-02,Northern Africa,Libya,West,Battles,Armed clash,4,6,,Political violence,1771.0,30.8294,14.1486
Libya#2026-04-18#1771.0,2026-04-18,Northern Africa,Libya,West,Explosions/Remote violence,Air/drone strike,1,0,68187.0,Political violence,1771.0,30.8294,14.1486
Libya#2026-05-02#1771.0,2026-05-02,Northern Africa,Libya,West,Explosions/Remote violence,Air/drone strike,1,0,,Political violence,1771.0,30.8294,14.1486
Libya#2026-04-18#1771.0,2026-04-18,Northern Africa,Libya,West,Protests,Peaceful protest,4,0,,Demonstrations,1771.0,30.8294,14.1486
Libya#2026-04-25#1771.0,2026-04-25,Northern Africa,Libya,West,Protests,Peaceful protest,2,0,,Demonstrations,1771.0,30.8294,14.1486
Libya#2026-05-02#1771.0,2026-05-02,Northern Africa,Libya,West,Protests,Peaceful protest,1,0,,Demonstrations,1771.0,30.8294,14.1486
Libya#2026-04-25#1771.0,2026-04-25,Northern Africa,Libya,West,Protests,Protest with intervention,1,0,,Demonstrations,1771.0,30.8294,14.1486
Libya#2026-05-02#1771.0,2026-05-02,Northern Africa,Libya,West,Riots,Mob violence,1,0,,Political violence,1771.0,30.8294,14.1486
Libya#2026-05-02#1771.0,2026-05-02,Northern Africa,Libya,West,Strategic developments,Arrests,1,0,,Strategic developments,1771.0,30.8294,14.1486
Libya#2026-05-02#1771.0,2026-05-02,Northern Africa,Libya,West,Strategic developments,Change to group/activity,2,0,,Strategic developments,1771.0,30.8294,14.1486
Libya#2026-05-02#1771.0,2026-05-02,Northern Africa,Libya,West,Strategic developments,Disrupted weapons use,2,0,,Strategic developments,1771.0,30.8294,14.1486
Libya#2026-04-18#1771.0,2026-04-18,Northern Africa,Libya,West,Strategic developments,Other,1,0,,Strategic developments,1771.0,30.8294,14.1486
Libya#2026-04-18#1771.0,2026-04-18,Northern Africa,Libya,West,Violence against civilians,Abduction/forced disappearance,2,0,18057.0,Political violence,1771.0,30.8294,14.1486
Libya#2026-04-18#1771.0,2026-04-18,Northern Africa,Libya,West,Violence against civilians,Attack,3,3,87150.0,Political violence,1771.0,30.8294,14.1486
Libya#2026-04-25#1771.0,2026-04-25,Northern Africa,Libya,West,Violence against civilians,Attack,2,2,68187.0,Political violence,1771.0,30.8294,14.1486
Libya#2026-05-02#1771.0,2026-05-02,Northern Africa,Libya,West,Violence against civilians,Attack,2,1,,Political violence,1771.0,30.8294,14.1486
Morocco#2026-04-18#2032.0,2026-04-18,Northern Africa,Morocco,Casablanca-Settat,Protests,Peaceful protest,3,0,24238.0,Demonstrations,2032.0,33.0652,-7.7994
Morocco#2026-04-25#2032.0,2026-04-25,Northern Africa,Morocco,Casablanca-Settat,Protests,Peaceful protest,4,0,25567.0,Demonstrations,2032.0,33.0652,-7.7994
Morocco#2026-05-02#2032.0,2026-05-02,Northern Africa,Morocco,Casablanca-Settat,Protests,Peaceful protest,3,0,24238.0,Demonstrations,2032.0,33.0652,-7.7994
Morocco#2026-04-25#2032.0,2026-04-25,Northern Africa,Morocco,Casablanca-Settat,Riots,Violent demonstration,1,0,100342.0,Demonstrations,2032.0,33.0652,-7.7994
Morocco#2026-04-18#2033.0,2026-04-18,Northern Africa,Morocco,Draa-Tafilalet,Protests,Peaceful protest,1,0,8687.0,Demonstrations,2033.0,31.2922,-5.5751
Morocco#2026-04-25#2033.0,2026-04-25,Northern Africa,Morocco,Draa-Tafilalet,Protests,Peaceful protest,3,0,8687.0,Demonstrations,2033.0,31.2922,-5.5751
Morocco#2026-04-25#2034.0,2026-04-25,Northern Africa,Morocco,Eddakhla-Oued Eddahab,Strategic developments,Disrupted weapons use,1,0,,Strategic developments,2034.0,22.7354,-14.742
Morocco#2026-04-18#2035.0,2026-04-18,Northern Africa,Morocco,Fes-Meknes,Protests,Peaceful protest,1,0,,Demonstrations,2035.0,33.7473,-4.8476
Morocco#2026-04-25#2035.0,2026-04-25,Northern Africa,Morocco,Fes-Meknes,Protests,Peaceful protest,2,0,14439.0,Demonstrations,2035.0,33.7473,-4.8476
Morocco#2026-05-02#2035.0,2026-05-02,Northern Africa,Morocco,Fes-Meknes,Protests,Peaceful protest,1,0,14439.0,Demonstrations,2035.0,33.7473,-4.8476
Morocco#2026-04-18#2036.0,2026-04-18,Northern Africa,Morocco,Guelmim-Oued Noun,Battles,Armed clash,1,0,,Political violence,2036.0,28.3859,-10.0844
Morocco#2026-05-02#2036.0,2026-05-02,Northern Africa,Morocco,Guelmim-Oued Noun,Protests,Peaceful protest,1,0,,Demonstrations,2036.0,28.3859,-10.0844
Morocco#2026-05-02#2037.0,2026-05-02,Northern Africa,Morocco,Laayoune-Sakia El Hamra,Explosions/Remote violence,Shelling/artillery/missile attack,1,0,,Political violence,2037.0,26.291,-11.4859
Morocco#2026-04-25#2037.0,2026-04-25,Northern Africa,Morocco,Laayoune-Sakia El Hamra,Protests,Peaceful protest,1,0,1243.0,Demonstrations,2037.0,26.291,-11.4859
Morocco#2026-04-25#2037.0,2026-04-25,Northern Africa,Morocco,Laayoune-Sakia El Hamra,Protests,Protest with intervention,1,0,,Demonstrations,2037.0,26.291,-11.4859
Morocco#2026-04-18#2038.0,2026-04-18,Northern Africa,Morocco,Marrakech-Safi,Protests,Peaceful protest,2,0,,Demonstrations,2038.0,31.8063,-8.3064
Morocco#2026-04-25#2038.0,2026-04-25,Northern Africa,Morocco,Marrakech-Safi,Protests,Peaceful protest,3,0,9752.0,Demonstrations,2038.0,31.8063,-8.3064
Morocco#2026-05-02#2038.0,2026-05-02,Northern Africa,Morocco,Marrakech-Safi,Protests,Peaceful protest,1,0,8186.0,Demonstrations,2038.0,31.8063,-8.3064
Morocco#2026-04-25#2039.0,2026-04-25,Northern Africa,Morocco,Oriental,Protests,Peaceful protest,3,0,26725.0,Demonstrations,2039.0,33.5812,-2.3906
Morocco#2026-04-18#2040.0,2026-04-18,Northern Africa,Morocco,Rabat-Sale-Kenitra,Protests,Peaceful protest,8,0,25258.0,Demonstrations,2040.0,34.0853,-6.3287
Morocco#2026-04-25#2040.0,2026-04-25,Northern Africa,Morocco,Rabat-Sale-Kenitra,Protests,Peaceful protest,6,0,23062.0,Demonstrations,2040.0,34.0853,-6.3287
Morocco#2026-05-02#2040.0,2026-05-02,Northern Africa,Morocco,Rabat-Sale-Kenitra,Protests,Peaceful protest,3,0,23062.0,Demonstrations,2040.0,34.0853,-6.3287
Morocco#2026-04-25#2040.0,2026-04-25,Northern Africa,Morocco,Rabat-Sale-Kenitra,Protests,Protest with intervention,1,0,23062.0,Demonstrations,2040.0,34.0853,-6.3287
Morocco#2026-04-25#2040.0,2026-04-25,Northern Africa,Morocco,Rabat-Sale-Kenitra,Strategic developments,Other,1,0,,Strategic developments,2040.0,34.0853,-6.3287
Morocco#2026-04-18#2041.0,2026-04-18,Northern Africa,Morocco,Souss-Massa,Protests,Peaceful protest,1,0,8266.0,Demonstrations,2041.0,29.7358,-8.1577
Morocco#2026-04-25#2041.0,2026-04-25,Northern Africa,Morocco,Souss-Massa,Protests,Peaceful protest,2,0,8266.0,Demonstrations,2041.0,29.7358,-8.1577
Morocco#2026-05-02#2041.0,2026-05-02,Northern Africa,Morocco,Souss-Massa,Protests,Peaceful protest,2,0,8266.0,Demonstrations,2041.0,29.7358,-8.1577
Morocco#2026-04-18#2042.0,2026-04-18,Northern Africa,Morocco,Tanger-Tetouan-Al Hoceima,Protests,Peaceful protest,3,0,1813.0,Demonstrations,2042.0,35.2182,-5.4348
Morocco#2026-04-25#2042.0,2026-04-25,Northern Africa,Morocco,Tanger-Tetouan-Al Hoceima,Protests,Peaceful protest,6,0,7416.0,Demonstrations,2042.0,35.2182,-5.4348
Morocco#2026-05-02#2042.0,2026-05-02,Northern Africa,Morocco,Tanger-Tetouan-Al Hoceima,Protests,Peaceful protest,3,0,,Demonstrations,2042.0,35.2182,-5.4348
Morocco#2026-04-25#2042.0,2026-04-25,Northern Africa,Morocco,Tanger-Tetouan-Al Hoceima,Protests,Protest with intervention,1,0,,Demonstrations,2042.0,35.2182,-5.4348
Tunisia#2026-04-25#3324.0,2026-04-25,Northern Africa,Tunisia,Beja,Protests,Peaceful protest,1,0,234.0,Demonstrations,3324.0,36.7459,9.2027
Tunisia#2026-04-25#3326.0,2026-04-25,Northern Africa,Tunisia,Bizerte,Protests,Peaceful protest,1,0,,Demonstrations,3326.0,37.0363,9.6395
Tunisia#2026-04-25#3328.0,2026-04-25,Northern Africa,Tunisia,Gafsa,Protests,Peaceful protest,3,0,,Demonstrations,3328.0,34.4322,8.7905
Tunisia#2026-04-18#3330.0,2026-04-18,Northern Africa,Tunisia,Kairouan,Protests,Peaceful protest,1,0,,Demonstrations,3330.0,35.5795,9.8353
Tunisia#2026-04-25#3330.0,2026-04-25,Northern Africa,Tunisia,Kairouan,Protests,Peaceful protest,3,0,10305.0,Demonstrations,3330.0,35.5795,9.8353
Tunisia#2026-05-02#3330.0,2026-05-02,Northern Africa,Tunisia,Kairouan,Riots,Mob violence,1,0,,Political violence,3330.0,35.5795,9.8353
Tunisia#2026-05-02#3332.0,2026-05-02,Northern Africa,Tunisia,Kebili,Protests,Peaceful protest,1,0,,Demonstrations,3332.0,33.3386,8.7145
Tunisia#2026-04-18#3338.0,2026-04-18,Northern Africa,Tunisia,Nabeul,Protests,Peaceful protest,2,0,,Demonstrations,3338.0,36.7204,10.7024
Tunisia#2026-04-25#3338.0,2026-04-25,Northern Africa,Tunisia,Nabeul,Protests,Peaceful protest,2,0,16832.0,Demonstrations,3338.0,36.7204,10.7024
Tunisia#2026-05-02#3338.0,2026-05-02,Northern Africa,Tunisia,Nabeul,Protests,Peaceful protest,2,0,,Demonstrations,3338.0,36.7204,10.7024
Tunisia#2026-05-02#3340.0,2026-05-02,Northern Africa,Tunisia,Sidi Bouzid,Protests,Peaceful protest,1,0,,Demonstrations,3340.0,34.8819,9.5266
Tunisia#2026-04-25#3341.0,2026-04-25,Northern Africa,Tunisia,Siliana,Protests,Peaceful protest,3,0,,Demonstrations,3341.0,35.9715,9.3577
Tunisia#2026-04-25#3342.0,2026-04-25,Northern Africa,Tunisia,Sousse,Protests,Peaceful protest,1,0,,Demonstrations,3342.0,35.8942,10.3978
Tunisia#2026-04-18#3345.0,2026-04-18,Northern Africa,Tunisia,Tunis,Protests,Peaceful protest,1,0,,Demonstrations,3345.0,36.8177,10.2125
Tunisia#2026-04-25#3345.0,2026-04-25,Northern Africa,Tunisia,Tunis,Protests,Peaceful protest,2,0,16799.0,Demonstrations,3345.0,36.8177,10.2125
Tunisia#2026-05-02#3345.0,2026-05-02,Northern Africa,Tunisia,Tunis,Protests,Peaceful protest,1,0,16799.0,Demonstrations,3345.0,36.8177,10.2125
Tunisia#2026-04-18#3345.0,2026-04-18,Northern Africa,Tunisia,Tunis,Strategic developments,Other,1,0,,Strategic developments,3345.0,36.8177,10.2125
Tunisia#2026-05-02#3345.0,2026-05-02,Northern Africa,Tunisia,Tunis,Strategic developments,Other,1,0,,Strategic developments,3345.0,36.8177,10.2125
Bahrain#2026-04-25#285.0,2026-04-25,Middle East,Bahrain,Capital,Protests,Peaceful protest,1,0,10227.0,Demonstrations,285.0,26.1927,50.5508
Bahrain#2026-04-18#285.0,2026-04-18,Middle East,Bahrain,Capital,Riots,Violent demonstration,6,0,6716.0,Demonstrations,285.0,26.1927,50.5508
Bahrain#2026-05-02#285.0,2026-05-02,Middle East,Bahrain,Capital,Riots,Violent demonstration,1,0,,Demonstrations,285.0,26.1927,50.5508
Bahrain#2026-05-02#285.0,2026-05-02,Middle East,Bahrain,Capital,Strategic developments,Arrests,1,0,,Strategic developments,285.0,26.1927,50.5508
Bahrain#2026-04-25#285.0,2026-04-25,Middle East,Bahrain,Capital,Strategic developments,Other,1,0,,Strategic developments,285.0,26.1927,50.5508
Bahrain#2026-05-02#285.0,2026-05-02,Middle East,Bahrain,Capital,Strategic developments,Other,2,0,,Strategic developments,285.0,26.1927,50.5508
Bahrain#2026-04-25#286.0,2026-04-25,Middle East,Bahrain,Muharraq,Protests,Peaceful protest,1,0,7815.0,Demonstrations,286.0,26.2547,50.6428
Bahrain#2026-04-18#287.0,2026-04-18,Middle East,Bahrain,Northern,Protests,Peaceful protest,6,0,13764.0,Demonstrations,287.0,26.1468,50.4809
Bahrain#2026-04-25#287.0,2026-04-25,Middle East,Bahrain,Northern,Protests,Peaceful protest,3,0,12609.0,Demonstrations,287.0,26.1468,50.4809
Bahrain#2026-05-02#287.0,2026-05-02,Middle East,Bahrain,Northern,Protests,Peaceful protest,1,0,,Demonstrations,287.0,26.1468,50.4809
Bahrain#2026-04-18#287.0,2026-04-18,Middle East,Bahrain,Northern,Riots,Violent demonstration,2,0,18047.0,Demonstrations,287.0,26.1468,50.4809
Bahrain#2026-04-25#287.0,2026-04-25,Middle East,Bahrain,Northern,Riots,Violent demonstration,3,0,,Demonstrations,287.0,26.1468,50.4809
Iran#2026-04-18#1329.0,2026-04-18,Middle East,Iran,Alborz,Protests,Peaceful protest,6,0,43321.0,Demonstrations,1329.0,35.9457,50.906
Iran#2026-04-25#1329.0,2026-04-25,Middle East,Iran,Alborz,Protests,Peaceful protest,5,0,43326.0,Demonstrations,1329.0,35.9457,50.906
Iran#2026-05-02#1329.0,2026-05-02,Middle East,Iran,Alborz,Protests,Peaceful protest,3,0,43321.0,Demonstrations,1329.0,35.9457,50.906
Iran#2026-04-18#1330.0,2026-04-18,Middle East,Iran,Ardabil,Protests,Peaceful protest,7,0,29402.0,Demonstrations,1330.0,38.4066,47.9857
Iran#2026-04-25#1330.0,2026-04-25,Middle East,Iran,Ardabil,Protests,Peaceful protest,5,0,29187.0,Demonstrations,1330.0,38.4066,47.9857
Iran#2026-05-02#1330.0,2026-05-02,Middle East,Iran,Ardabil,Protests,Peaceful protest,5,0,29187.0,Demonstrations,1330.0,38.4066,47.9857
Iran#2026-04-18#1331.0,2026-04-18,Middle East,Iran,Bushehr,Protests,Peaceful protest,5,0,7899.0,Demonstrations,1331.0,28.7846,51.5038
Iran#2026-04-25#1331.0,2026-04-25,Middle East,Iran,Bushehr,Protests,Peaceful protest,3,0,7899.0,Demonstrations,1331.0,28.7846,51.5038
Iran#2026-05-02#1331.0,2026-05-02,Middle East,Iran,Bushehr,Protests,Peaceful protest,3,0,7899.0,Demonstrations,1331.0,28.7846,51.5038
Iran#2026-04-18#1332.0,2026-04-18,Middle East,Iran,Chaharmahal and Bakhtiari,Protests,Peaceful protest,5,0,22082.0,Demonstrations,1332.0,31.979,50.8101
Iran#2026-04-25#1332.0,2026-04-25,Middle East,Iran,Chaharmahal and Bakhtiari,Protests,Peaceful protest,4,0,22082.0,Demonstrations,1332.0,31.979,50.8101
Iran#2026-05-02#1332.0,2026-05-02,Middle East,Iran,Chaharmahal and Bakhtiari,Protests,Peaceful protest,5,0,,Demonstrations,1332.0,31.979,50.8101
Iran#2026-04-18#1333.0,2026-04-18,Middle East,Iran,East Azerbaijan,Protests,Peaceful protest,9,0,14521.0,Demonstrations,1333.0,38.0858,46.6924
Iran#2026-04-25#1333.0,2026-04-25,Middle East,Iran,East Azerbaijan,Protests,Peaceful protest,4,0,14521.0,Demonstrations,1333.0,38.0858,46.6924
Iran#2026-05-02#1333.0,2026-05-02,Middle East,Iran,East Azerbaijan,Protests,Peaceful protest,5,0,,Demonstrations,1333.0,38.0858,46.6924
Iran#2026-04-25#1333.0,2026-04-25,Middle East,Iran,East Azerbaijan,Strategic developments,Other,1,0,,Strategic developments,1333.0,38.0858,46.6924
Iran#2026-04-18#1334.0,2026-04-18,Middle East,Iran,Fars,Protests,Peaceful protest,9,0,19048.0,Demonstrations,1334.0,29.3576,53.3176
Iran#2026-04-25#1334.0,2026-04-25,Middle East,Iran,Fars,Protests,Peaceful protest,9,0,46974.0,Demonstrations,1334.0,29.3576,53.3176
Iran#2026-05-02#1334.0,2026-05-02,Middle East,Iran,Fars,Protests,Peaceful protest,9,0,,Demonstrations,1334.0,29.3576,53.3176
Iran#2026-04-18#1335.0,2026-04-18,Middle East,Iran,Gilan,Protests,Peaceful protest,7,0,28705.0,Demonstrations,1335.0,37.5092,49.0189
Iran#2026-04-25#1335.0,2026-04-25,Middle East,Iran,Gilan,Protests,Peaceful protest,8,0,20674.0,Demonstrations,1335.0,37.5092,49.0189
Iran#2026-05-02#1335.0,2026-05-02,Middle East,Iran,Gilan,Protests,Peaceful protest,10,0,,Demonstrations,1335.0,37.5092,49.0189
Iran#2026-04-18#1336.0,2026-04-18,Middle East,Iran,Golestan,Protests,Peaceful protest,7,0,26870.0,Demonstrations,1336.0,37.2982,54.8804
Iran#2026-04-25#1336.0,2026-04-25,Middle East,Iran,Golestan,Protests,Peaceful protest,6,0,23975.0,Demonstrations,1336.0,37.2982,54.8804
Iran#2026-05-02#1336.0,2026-05-02,Middle East,Iran,Golestan,Protests,Peaceful protest,6,0,23975.0,Demonstrations,1336.0,37.2982,54.8804
Iran#2026-04-18#1337.0,2026-04-18,Middle East,Iran,Hamadan,Protests,Peaceful protest,3,0,57350.0,Demonstrations,1337.0,34.8698,48.559
Iran#2026-04-25#1337.0,2026-04-25,Middle East,Iran,Hamadan,Protests,Peaceful protest,3,0,54719.0,Demonstrations,1337.0,34.8698,48.559
Iran#2026-05-02#1337.0,2026-05-02,Middle East,Iran,Hamadan,Protests,Peaceful protest,3,0,32219.0,Demonstrations,1337.0,34.8698,48.559
Iran#2026-05-02#1338.0,2026-05-02,Middle East,Iran,Hormozgan,Explosions/Remote violence,Air/drone strike,7,1,113667.0,Political violence,1338.0,27.1422,55.0325
Iran#2026-05-02#1338.0,2026-05-02,Middle East,Iran,Hormozgan,Explosions/Remote violence,Shelling/artillery/missile attack,1,0,,Political violence,1338.0,27.1422,55.0325
Iran#2026-04-18#1338.0,2026-04-18,Middle East,Iran,Hormozgan,Protests,Peaceful protest,11,0,41311.0,Demonstrations,1338.0,27.1422,55.0325
Iran#2026-04-25#1338.0,2026-04-25,Middle East,Iran,Hormozgan,Protests,Peaceful protest,11,0,44368.0,Demonstrations,1338.0,27.1422,55.0325
Iran#2026-05-02#1338.0,2026-05-02,Middle East,Iran,Hormozgan,Protests,Peaceful protest,7,0,13852.0,Demonstrations,1338.0,27.1422,55.0325
Iran#2026-04-18#1338.0,2026-04-18,Middle East,Iran,Hormozgan,Strategic developments,Disrupted weapons use,4,0,,Strategic developments,1338.0,27.1422,55.0325
Iran#2026-05-02#1338.0,2026-05-02,Middle East,Iran,Hormozgan,Strategic developments,Disrupted weapons use,1,0,,Strategic developments,1338.0,27.1422,55.0325
Iran#2026-04-18#1338.0,2026-04-18,Middle East,Iran,Hormozgan,Strategic developments,Other,1,0,,Strategic developments,1338.0,27.1422,55.0325
Iran#2026-05-02#1338.0,2026-05-02,Middle East,Iran,Hormozgan,Strategic developments,Other,9,0,,Strategic developments,1338.0,27.1422,55.0325
Iran#2026-04-18#1339.0,2026-04-18,Middle East,Iran,Ilam,Protests,Peaceful protest,7,0,18141.0,Demonstrations,1339.0,33.0433,46.8724
Iran#2026-04-25#1339.0,2026-04-25,Middle East,Iran,Ilam,Protests,Peaceful protest,5,0,18141.0,Demonstrations,1339.0,33.0433,46.8724
Iran#2026-05-02#1339.0,2026-05-02,Middle East,Iran,Ilam,Protests,Peaceful protest,9,0,18141.0,Demonstrations,1339.0,33.0433,46.8724
Iran#2026-04-18#1340.0,2026-04-18,Middle East,Iran,Isfahan,Protests,Peaceful protest,11,0,28183.0,Demonstrations,1340.0,32.6094,52.0477
Iran#2026-04-25#1340.0,2026-04-25,Middle East,Iran,Isfahan,Protests,Peaceful protest,6,0,48238.0,Demonstrations,1340.0,32.6094,52.0477
Iran#2026-05-02#1340.0,2026-05-02,Middle East,Iran,Isfahan,Protests,Peaceful protest,9,0,,Demonstrations,1340.0,32.6094,52.0477
Iran#2026-05-02#1340.0,2026-05-02,Middle East,Iran,Isfahan,Strategic developments,Other,1,0,,Strategic developments,1340.0,32.6094,52.0477
Iran#2026-04-18#1341.0,2026-04-18,Middle East,Iran,Kerman,Protests,Peaceful protest,8,0,27379.0,Demonstrations,1341.0,29.2326,57.3392
Iran#2026-04-25#1341.0,2026-04-25,Middle East,Iran,Kerman,Protests,Peaceful protest,10,0,20000.0,Demonstrations,1341.0,29.2326,57.3392
Iran#2026-05-02#1341.0,2026-05-02,Middle East,Iran,Kerman,Protests,Peaceful protest,8,0,20000.0,Demonstrations,1341.0,29.2326,57.3392
Iran#2026-04-18#1341.0,2026-04-18,Middle East,Iran,Kerman,Strategic developments,Arrests,1,0,,Strategic developments,1341.0,29.2326,57.3392
Iran#2026-04-25#1341.0,2026-04-25,Middle East,Iran,Kerman,Strategic developments,Arrests,1,0,,Strategic developments,1341.0,29.2326,57.3392
Iran#2026-04-18#1341.0,2026-04-18,Middle East,Iran,Kerman,Violence against civilians,Attack,1,0,68871.0,Political violence,1341.0,29.2326,57.3392
Iran#2026-04-18#1342.0,2026-04-18,Middle East,Iran,Kermanshah,Protests,Peaceful protest,1,0,32059.0,Demonstrations,1342.0,34.4871,46.8086
Iran#2026-04-25#1342.0,2026-04-25,Middle East,Iran,Kermanshah,Protests,Peaceful protest,9,0,79317.0,Demonstrations,1342.0,34.4871,46.8086
Iran#2026-05-02#1342.0,2026-05-02,Middle East,Iran,Kermanshah,Protests,Peaceful protest,6,0,,Demonstrations,1342.0,34.4871,46.8086
Iran#2026-04-18#1342.0,2026-04-18,Middle East,Iran,Kermanshah,Strategic developments,Arrests,1,0,,Strategic developments,1342.0,34.4871,46.8086
Iran#2026-04-18#1342.0,2026-04-18,Middle East,Iran,Kermanshah,Strategic developments,Disrupted weapons use,2,0,,Strategic developments,1342.0,34.4871,46.8086
Iran#2026-04-25#1342.0,2026-04-25,Middle East,Iran,Kermanshah,Strategic developments,Other,1,0,,Strategic developments,1342.0,34.4871,46.8086
Iran#2026-04-18#1343.0,2026-04-18,Middle East,Iran,Khuzestan,Protests,Peaceful protest,15,0,118526.0,Demonstrations,1343.0,31.4636,48.9916
Iran#2026-04-25#1343.0,2026-04-25,Middle East,Iran,Khuzestan,Protests,Peaceful protest,8,0,86471.0,Demonstrations,1343.0,31.4636,48.9916
Iran#2026-05-02#1343.0,2026-05-02,Middle East,Iran,Khuzestan,Protests,Peaceful protest,9,0,,Demonstrations,1343.0,31.4636,48.9916
Iran#2026-04-25#1343.0,2026-04-25,Middle East,Iran,Khuzestan,Strategic developments,Disrupted weapons use,2,0,,Strategic developments,1343.0,31.4636,48.9916
Iran#2026-05-02#1343.0,2026-05-02,Middle East,Iran,Khuzestan,Strategic developments,Disrupted weapons use,1,0,,Strategic developments,1343.0,31.4636,48.9916
Iran#2026-05-02#1343.0,2026-05-02,Middle East,Iran,Khuzestan,Violence against civilians,Attack,1,0,,Political violence,1343.0,31.4636,48.9916
Iran#2026-04-18#1344.0,2026-04-18,Middle East,Iran,Kohgiluyeh and Boyer-Ahmad,Protests,Peaceful protest,7,0,18426.0,Demonstrations,1344.0,30.7032,51.0949
Iran#2026-04-25#1344.0,2026-04-25,Middle East,Iran,Kohgiluyeh and Boyer-Ahmad,Protests,Peaceful protest,5,0,18426.0,Demonstrations,1344.0,30.7032,51.0949
Iran#2026-05-02#1344.0,2026-05-02,Middle East,Iran,Kohgiluyeh and Boyer-Ahmad,Protests,Peaceful protest,6,0,18426.0,Demonstrations,1344.0,30.7032,51.0949
Iran#2026-04-18#1345.0,2026-04-18,Middle East,Iran,Kurdistan,Battles,Armed clash,1,1,313847.0,Political violence,1345.0,35.6014,47.0057
Iran#2026-04-18#1345.0,2026-04-18,Middle East,Iran,Kurdistan,Protests,Peaceful protest,3,0,37376.0,Demonstrations,1345.0,35.6014,47.0057
Iran#2026-04-25#1345.0,2026-04-25,Middle East,Iran,Kurdistan,Protests,Peaceful protest,6,0,37376.0,Demonstrations,1345.0,35.6014,47.0057
Iran#2026-05-02#1345.0,2026-05-02,Middle East,Iran,Kurdistan,Protests,Peaceful protest,4,0,,Demonstrations,1345.0,35.6014,47.0057
Iran#2026-04-18#1345.0,2026-04-18,Middle East,Iran,Kurdistan,Strategic developments,Arrests,1,0,,Strategic developments,1345.0,35.6014,47.0057
Iran#2026-05-02#1345.0,2026-05-02,Middle East,Iran,Kurdistan,Strategic developments,Other,1,1,,Strategic developments,1345.0,35.6014,47.0057
Iran#2026-04-18#1346.0,2026-04-18,Middle East,Iran,Lorestan,Protests,Peaceful protest,5,0,41516.0,Demonstrations,1346.0,33.5164,48.3219
Iran#2026-04-25#1346.0,2026-04-25,Middle East,Iran,Lorestan,Protests,Peaceful protest,8,0,55739.0,Demonstrations,1346.0,33.5164,48.3219
Iran#2026-05-02#1346.0,2026-05-02,Middle East,Iran,Lorestan,Protests,Peaceful protest,7,0,,Demonstrations,1346.0,33.5164,48.3219
Iran#2026-04-18#1346.0,2026-04-18,Middle East,Iran,Lorestan,Strategic developments,Disrupted weapons use,1,0,,Strategic developments,1346.0,33.5164,48.3219
Iran#2026-04-18#1347.0,2026-04-18,Middle East,Iran,Markazi,Protests,Peaceful protest,7,0,15240.0,Demonstrations,1347.0,34.4772,49.5818
Iran#2026-04-25#1347.0,2026-04-25,Middle East,Iran,Markazi,Protests,Peaceful protest,8,0,15136.0,Demonstrations,1347.0,34.4772,49.5818
Iran#2026-05-02#1347.0,2026-05-02,Middle East,Iran,Markazi,Protests,Peaceful protest,9,0,,Demonstrations,1347.0,34.4772,49.5818
Iran#2026-04-18#1348.0,2026-04-18,Middle East,Iran,Mazandaran,Protests,Peaceful protest,13,0,55102.0,Demonstrations,1348.0,36.3633,52.3677
Iran#2026-04-25#1348.0,2026-04-25,Middle East,Iran,Mazandaran,Protests,Peaceful protest,13,0,52480.0,Demonstrations,1348.0,36.3633,52.3677
Iran#2026-05-02#1348.0,2026-05-02,Middle East,Iran,Mazandaran,Protests,Peaceful protest,17,0,15617.0,Demonstrations,1348.0,36.3633,52.3677
Iran#2026-04-18#1348.0,2026-04-18,Middle East,Iran,Mazandaran,Strategic developments,Arrests,1,0,,Strategic developments,1348.0,36.3633,52.3677
Iran#2026-04-18#1349.0,2026-04-18,Middle East,Iran,North Khorasan,Protests,Peaceful protest,8,0,15410.0,Demonstrations,1349.0,37.4249,57.178
Iran#2026-04-25#1349.0,2026-04-25,Middle East,Iran,North Khorasan,Protests,Peaceful protest,5,0,15410.0,Demonstrations,1349.0,37.4249,57.178
Iran#2026-05-02#1349.0,2026-05-02,Middle East,Iran,North Khorasan,Protests,Peaceful protest,5,0,,Demonstrations,1349.0,37.4249,57.178
Iran#2026-04-18#1350.0,2026-04-18,Middle East,Iran,Qazvin,Protests,Peaceful protest,6,0,33218.0,Demonstrations,1350.0,36.1089,50.0386
Iran#2026-04-25#1350.0,2026-04-25,Middle East,Iran,Qazvin,Protests,Peaceful protest,5,0,33218.0,Demonstrations,1350.0,36.1089,50.0386
Iran#2026-05-02#1350.0,2026-05-02,Middle East,Iran,Qazvin,Protests,Peaceful protest,5,0,,Demonstrations,1350.0,36.1089,50.0386
Iran#2026-04-18#1351.0,2026-04-18,Middle East,Iran,Qom,Protests,Peaceful protest,5,0,43710.0,Demonstrations,1351.0,34.6674,51.002
Iran#2026-04-25#1351.0,2026-04-25,Middle East,Iran,Qom,Protests,Peaceful protest,5,0,43710.0,Demonstrations,1351.0,34.6674,51.002
Iran#2026-05-02#1351.0,2026-05-02,Middle East,Iran,Qom,Protests,Peaceful protest,5,0,,Demonstrations,1351.0,34.6674,51.002
Iran#2026-04-18#1351.0,2026-04-18,Middle East,Iran,Qom,Strategic developments,Disrupted weapons use,1,0,,Strategic developments,1351.0,34.6674,51.002
Iran#2026-04-18#1351.0,2026-04-18,Middle East,Iran,Qom,Strategic developments,Other,1,0,,Strategic developments,1351.0,34.6674,51.002
Iran#2026-04-18#1352.0,2026-04-18,Middle East,Iran,Razavi Khorasan,Protests,Peaceful protest,8,0,60724.0,Demonstrations,1352.0,35.7792,59.0295
Iran#2026-04-25#1352.0,2026-04-25,Middle East,Iran,Razavi Khorasan,Protests,Peaceful protest,10,0,86129.0,Demonstrations,1352.0,35.7792,59.0295
Iran#2026-05-02#1352.0,2026-05-02,Middle East,Iran,Razavi Khorasan,Protests,Peaceful protest,11,0,37316.0,Demonstrations,1352.0,35.7792,59.0295
Iran#2026-04-18#1353.0,2026-04-18,Middle East,Iran,Semnan,Protests,Peaceful protest,8,0,17594.0,Demonstrations,1353.0,35.7868,54.9676
Iran#2026-04-25#1353.0,2026-04-25,Middle East,Iran,Semnan,Protests,Peaceful protest,13,0,36311.0,Demonstrations,1353.0,35.7868,54.9676
Iran#2026-05-02#1353.0,2026-05-02,Middle East,Iran,Semnan,Protests,Peaceful protest,7,0,36311.0,Demonstrations,1353.0,35.7868,54.9676
Iran#2026-04-18#1354.0,2026-04-18,Middle East,Iran,Sistan and Baluchestan,Battles,Armed clash,1,2,,Political violence,1354.0,28.2728,60.8613
Iran#2026-04-25#1354.0,2026-04-25,Middle East,Iran,Sistan and Baluchestan,Battles,Armed clash,3,5,538002.0,Political violence,1354.0,28.2728,60.8613
Iran#2026-05-02#1354.0,2026-05-02,Middle East,Iran,Sistan and Baluchestan,Explosions/Remote violence,Air/drone strike,1,0,,Political violence,1354.0,28.2728,60.8613
Iran#2026-05-02#1354.0,2026-05-02,Middle East,Iran,Sistan and Baluchestan,Explosions/Remote violence,Remote explosive/landmine/IED,1,2,,Political violence,1354.0,28.2728,60.8613
Iran#2026-04-18#1354.0,2026-04-18,Middle East,Iran,Sistan and Baluchestan,Protests,Peaceful protest,1,0,4245.0,Demonstrations,1354.0,28.2728,60.8613
Iran#2026-04-25#1354.0,2026-04-25,Middle East,Iran,Sistan and Baluchestan,Protests,Peaceful protest,2,0,28661.0,Demonstrations,1354.0,28.2728,60.8613
Iran#2026-05-02#1354.0,2026-05-02,Middle East,Iran,Sistan and Baluchestan,Protests,Peaceful protest,5,0,,Demonstrations,1354.0,28.2728,60.8613
Iran#2026-05-02#1354.0,2026-05-02,Middle East,Iran,Sistan and Baluchestan,Strategic developments,Disrupted weapons use,2,0,,Strategic developments,1354.0,28.2728,60.8613
Iran#2026-04-25#1354.0,2026-04-25,Middle East,Iran,Sistan and Baluchestan,Violence against civilians,Attack,1,1,538002.0,Political violence,1354.0,28.2728,60.8613
Iran#2026-04-18#1355.0,2026-04-18,Middle East,Iran,South Khorasan,Protests,Peaceful protest,2,0,11223.0,Demonstrations,1355.0,32.8019,58.24
Iran#2026-04-25#1355.0,2026-04-25,Middle East,Iran,South Khorasan,Protests,Peaceful protest,5,0,11223.0,Demonstrations,1355.0,32.8019,58.24
Iran#2026-05-02#1355.0,2026-05-02,Middle East,Iran,South Khorasan,Protests,Peaceful protest,4,0,,Demonstrations,1355.0,32.8019,58.24
Iran#2026-04-18#1356.0,2026-04-18,Middle East,Iran,Tehran,Protests,Peaceful protest,56,0,688316.0,Demonstrations,1356.0,35.5022,51.3269
Iran#2026-04-25#1356.0,2026-04-25,Middle East,Iran,Tehran,Protests,Peaceful protest,42,0,619659.0,Demonstrations,1356.0,35.5022,51.3269
Iran#2026-05-02#1356.0,2026-05-02,Middle East,Iran,Tehran,Protests,Peaceful protest,37,0,134491.0,Demonstrations,1356.0,35.5022,51.3269
Iran#2026-04-18#1356.0,2026-04-18,Middle East,Iran,Tehran,Strategic developments,Disrupted weapons use,2,0,,Strategic developments,1356.0,35.5022,51.3269
Iran#2026-04-25#1356.0,2026-04-25,Middle East,Iran,Tehran,Strategic developments,Disrupted weapons use,2,0,,Strategic developments,1356.0,35.5022,51.3269
Iran#2026-04-18#1356.0,2026-04-18,Middle East,Iran,Tehran,Strategic developments,Other,10,0,,Strategic developments,1356.0,35.5022,51.3269
Iran#2026-04-25#1356.0,2026-04-25,Middle East,Iran,Tehran,Strategic developments,Other,10,0,,Strategic developments,1356.0,35.5022,51.3269
Iran#2026-05-02#1356.0,2026-05-02,Middle East,Iran,Tehran,Strategic developments,Other,10,0,,Strategic developments,1356.0,35.5022,51.3269
Iran#2026-04-18#1357.0,2026-04-18,Middle East,Iran,West Azerbaijan,Protests,Peaceful protest,3,0,13323.0,Demonstrations,1357.0,37.8742,44.7003
Iran#2026-04-25#1357.0,2026-04-25,Middle East,Iran,West Azerbaijan,Protests,Peaceful protest,6,0,13323.0,Demonstrations,1357.0,37.8742,44.7003
Iran#2026-05-02#1357.0,2026-05-02,Middle East,Iran,West Azerbaijan,Protests,Peaceful protest,6,0,13323.0,Demonstrations,1357.0,37.8742,44.7003
Iran#2026-04-18#1357.0,2026-04-18,Middle East,Iran,West Azerbaijan,Strategic developments,Disrupted weapons use,1,0,,Strategic developments,1357.0,37.8742,44.7003
Iran#2026-05-02#1357.0,2026-05-02,Middle East,Iran,West Azerbaijan,Strategic developments,Disrupted weapons use,1,0,,Strategic developments,1357.0,37.8742,44.7003
Iran#2026-04-18#1358.0,2026-04-18,Middle East,Iran,Yazd,Protests,Peaceful protest,3,0,12409.0,Demonstrations,1358.0,31.4825,54.4162
Iran#2026-04-25#1358.0,2026-04-25,Middle East,Iran,Yazd,Protests,Peaceful protest,4,0,12409.0,Demonstrations,1358.0,31.4825,54.4162
Iran#2026-05-02#1358.0,2026-05-02,Middle East,Iran,Yazd,Protests,Peaceful protest,3,0,,Demonstrations,1358.0,31.4825,54.4162
Iran#2026-05-02#1358.0,2026-05-02,Middle East,Iran,Yazd,Strategic developments,Arrests,1,0,,Strategic developments,1358.0,31.4825,54.4162
Iran#2026-04-18#1358.0,2026-04-18,Middle East,Iran,Yazd,Strategic developments,Disrupted weapons use,1,0,,Strategic developments,1358.0,31.4825,54.4162
Iran#2026-04-25#1358.0,2026-04-25,Middle East,Iran,Yazd,Strategic developments,Disrupted weapons use,1,0,,Strategic developments,1358.0,31.4825,54.4162
Iran#2026-04-25#1359.0,2026-04-25,Middle East,Iran,Zanjan,Explosions/Remote violence,Remote explosive/landmine/IED,1,14,335682.0,Political violence,1359.0,36.4014,48.422
Iran#2026-04-18#1359.0,2026-04-18,Middle East,Iran,Zanjan,Protests,Peaceful protest,3,0,21312.0,Demonstrations,1359.0,36.4014,48.422
Iran#2026-04-25#1359.0,2026-04-25,Middle East,Iran,Zanjan,Protests,Peaceful protest,3,0,21312.0,Demonstrations,1359.0,36.4014,48.422
Iran#2026-05-02#1359.0,2026-05-02,Middle East,Iran,Zanjan,Protests,Peaceful protest,4,0,21312.0,Demonstrations,1359.0,36.4014,48.422
Iraq#2026-04-25#1360.0,2026-04-25,Middle East,Iraq,Al Anbar,Battles,Armed clash,2,1,19589.0,Political violence,1360.0,33.1774,41.3987
Iraq#2026-05-02#1360.0,2026-05-02,Middle East,Iraq,Al Anbar,Battles,Armed clash,2,4,,Political violence,1360.0,33.1774,41.3987
Iraq#2026-05-02#1360.0,2026-05-02,Middle East,Iraq,Al Anbar,Explosions/Remote violence,Remote explosive/landmine/IED,1,0,,Political violence,1360.0,33.1774,41.3987
Iraq#2026-04-18#1360.0,2026-04-18,Middle East,Iraq,Al Anbar,Strategic developments,Arrests,1,0,,Strategic developments,1360.0,33.1774,41.3987
Iraq#2026-04-25#1360.0,2026-04-25,Middle East,Iraq,Al Anbar,Strategic developments,Arrests,3,0,,Strategic developments,1360.0,33.1774,41.3987
Iraq#2026-05-02#1360.0,2026-05-02,Middle East,Iraq,Al Anbar,Strategic developments,Arrests,3,0,,Strategic developments,1360.0,33.1774,41.3987
Iraq#2026-04-18#1360.0,2026-04-18,Middle East,Iraq,Al Anbar,Strategic developments,Change to group/activity,5,0,,Strategic developments,1360.0,33.1774,41.3987
Iraq#2026-04-25#1360.0,2026-04-25,Middle East,Iraq,Al Anbar,Strategic developments,Change to group/activity,2,0,,Strategic developments,1360.0,33.1774,41.3987
Iraq#2026-05-02#1360.0,2026-05-02,Middle East,Iraq,Al Anbar,Strategic developments,Change to group/activity,3,0,,Strategic developments,1360.0,33.1774,41.3987
Iraq#2026-04-18#1360.0,2026-04-18,Middle East,Iraq,Al Anbar,Strategic developments,Disrupted weapons use,2,0,,Strategic developments,1360.0,33.1774,41.3987
Iraq#2026-04-25#1360.0,2026-04-25,Middle East,Iraq,Al Anbar,Strategic developments,Disrupted weapons use,3,0,,Strategic developments,1360.0,33.1774,41.3987
Iraq#2026-05-02#1360.0,2026-05-02,Middle East,Iraq,Al Anbar,Strategic developments,Disrupted weapons use,6,0,,Strategic developments,1360.0,33.1774,41.3987
Iraq#2026-04-18#1360.0,2026-04-18,Middle East,Iraq,Al Anbar,Strategic developments,Looting/property destruction,3,0,,Strategic developments,1360.0,33.1774,41.3987
Iraq#2026-04-25#1360.0,2026-04-25,Middle East,Iraq,Al Anbar,Strategic developments,Looting/property destruction,4,0,,Strategic developments,1360.0,33.1774,41.3987
Iraq#2026-04-25#1360.0,2026-04-25,Middle East,Iraq,Al Anbar,Strategic developments,Other,3,0,,Strategic developments,1360.0,33.1774,41.3987
Iraq#2026-04-25#1361.0,2026-04-25,Middle East,Iraq,Al Basrah,Battles,Armed clash,1,0,,Political violence,1361.0,30.2047,47.5084
Iraq#2026-04-18#1361.0,2026-04-18,Middle East,Iraq,Al Basrah,Explosions/Remote violence,Air/drone strike,1,0,5399.0,Political violence,1361.0,30.2047,47.5084
Iraq#2026-04-18#1361.0,2026-04-18,Middle East,Iraq,Al Basrah,Explosions/Remote violence,Grenade,1,0,,Political violence,1361.0,30.2047,47.5084
Iraq#2026-04-18#1361.0,2026-04-18,Middle East,Iraq,Al Basrah,Protests,Peaceful protest,6,0,12938.0,Demonstrations,1361.0,30.2047,47.5084
Iraq#2026-04-25#1361.0,2026-04-25,Middle East,Iraq,Al Basrah,Protests,Peaceful protest,8,0,67992.0,Demonstrations,1361.0,30.2047,47.5084
Iraq#2026-05-02#1361.0,2026-05-02,Middle East,Iraq,Al Basrah,Protests,Peaceful protest,9,0,55054.0,Demonstrations,1361.0,30.2047,47.5084
Iraq#2026-05-02#1361.0,2026-05-02,Middle East,Iraq,Al Basrah,Riots,Violent demonstration,1,0,,Demonstrations,1361.0,30.2047,47.5084
Iraq#2026-04-25#1361.0,2026-04-25,Middle East,Iraq,Al Basrah,Strategic developments,Arrests,2,0,,Strategic developments,1361.0,30.2047,47.5084
Iraq#2026-04-18#1361.0,2026-04-18,Middle East,Iraq,Al Basrah,Strategic developments,Disrupted weapons use,2,0,,Strategic developments,1361.0,30.2047,47.5084
Iraq#2026-05-02#1361.0,2026-05-02,Middle East,Iraq,Al Basrah,Violence against civilians,Attack,1,0,,Political violence,1361.0,30.2047,47.5084
Iraq#2026-04-18#1362.0,2026-04-18,Middle East,Iraq,Al Muthanna,Explosions/Remote violence,Remote explosive/landmine/IED,1,1,,Political violence,1362.0,30.4107,45.3606
Iraq#2026-04-18#1362.0,2026-04-18,Middle East,Iraq,Al Muthanna,Protests,Peaceful protest,3,0,32741.0,Demonstrations,1362.0,30.4107,45.3606
Iraq#2026-04-25#1362.0,2026-04-25,Middle East,Iraq,Al Muthanna,Protests,Peaceful protest,6,0,32741.0,Demonstrations,1362.0,30.4107,45.3606
Iraq#2026-05-02#1362.0,2026-05-02,Middle East,Iraq,Al Muthanna,Protests,Peaceful protest,2,0,,Demonstrations,1362.0,30.4107,45.3606
Iraq#2026-04-18#1362.0,2026-04-18,Middle East,Iraq,Al Muthanna,Strategic developments,Disrupted weapons use,2,0,,Strategic developments,1362.0,30.4107,45.3606
Iraq#2026-04-25#1362.0,2026-04-25,Middle East,Iraq,Al Muthanna,Strategic developments,Disrupted weapons use,1,0,,Strategic developments,1362.0,30.4107,45.3606
Iraq#2026-05-02#1362.0,2026-05-02,Middle East,Iraq,Al Muthanna,Violence against civilians,Attack,1,0,,Political violence,1362.0,30.4107,45.3606
Iraq#2026-04-25#1364.0,2026-04-25,Middle East,Iraq,Al Qadissiya,Protests,Peaceful protest,3,0,,Demonstrations,1364.0,31.8451,45.1666
Iraq#2026-05-02#1364.0,2026-05-02,Middle East,Iraq,Al Qadissiya,Protests,Peaceful protest,1,0,,Demonstrations,1364.0,31.8451,45.1666
Iraq#2026-05-02#1364.0,2026-05-02,Middle East,Iraq,Al Qadissiya,Strategic developments,Arrests,1,0,,Strategic developments,1364.0,31.8451,45.1666
Iraq#2026-05-02#1365.0,2026-05-02,Middle East,Iraq,Al Sulaymaniyah,Explosions/Remote violence,Air/drone strike,1,0,,Political violence,1365.0,35.5263,45.379
Iraq#2026-04-18#1365.0,2026-04-18,Middle East,Iraq,Al Sulaymaniyah,Explosions/Remote violence,Shelling/artillery/missile attack,1,0,,Political violence,1365.0,35.5263,45.379
Iraq#2026-04-25#1365.0,2026-04-25,Middle East,Iraq,Al Sulaymaniyah,Explosions/Remote violence,Shelling/artillery/missile attack,1,0,,Political violence,1365.0,35.5263,45.379
Iraq#2026-04-18#1365.0,2026-04-18,Middle East,Iraq,Al Sulaymaniyah,Protests,Peaceful protest,4,0,37486.0,Demonstrations,1365.0,35.5263,45.379
Iraq#2026-04-25#1365.0,2026-04-25,Middle East,Iraq,Al Sulaymaniyah,Protests,Peaceful protest,5,0,37486.0,Demonstrations,1365.0,35.5263,45.379
Iraq#2026-05-02#1365.0,2026-05-02,Middle East,Iraq,Al Sulaymaniyah,Protests,Peaceful protest,1,0,,Demonstrations,1365.0,35.5263,45.379
Iraq#2026-04-18#1365.0,2026-04-18,Middle East,Iraq,Al Sulaymaniyah,Riots,Violent demonstration,1,0,,Demonstrations,1365.0,35.5263,45.379
Iraq#2026-04-18#1365.0,2026-04-18,Middle East,Iraq,Al Sulaymaniyah,Strategic developments,Disrupted weapons use,1,0,,Strategic developments,1365.0,35.5263,45.379
Iraq#2026-04-18#1365.0,2026-04-18,Middle East,Iraq,Al Sulaymaniyah,Strategic developments,Other,1,0,,Strategic developments,1365.0,35.5263,45.379
Iraq#2026-04-25#1366.0,2026-04-25,Middle East,Iraq,Babil,Explosions/Remote violence,Remote explosive/landmine/IED,1,2,,Political violence,1366.0,32.5765,44.6371
Iraq#2026-04-18#1366.0,2026-04-18,Middle East,Iraq,Babil,Protests,Peaceful protest,1,0,,Demonstrations,1366.0,32.5765,44.6371
Iraq#2026-04-25#1366.0,2026-04-25,Middle East,Iraq,Babil,Protests,Peaceful protest,2,0,28253.0,Demonstrations,1366.0,32.5765,44.6371
Iraq#2026-04-25#1366.0,2026-04-25,Middle East,Iraq,Babil,Strategic developments,Arrests,3,0,,Strategic developments,1366.0,32.5765,44.6371
Iraq#2026-04-18#1366.0,2026-04-18,Middle East,Iraq,Babil,Violence against civilians,Attack,3,2,,Political violence,1366.0,32.5765,44.6371
Iraq#2026-04-25#1366.0,2026-04-25,Middle East,Iraq,Babil,Violence against civilians,Attack,1,0,,Political violence,1366.0,32.5765,44.6371
Iraq#2026-04-25#1367.0,2026-04-25,Middle East,Iraq,Baghdad,Explosions/Remote violence,Air/drone strike,1,0,48380.0,Political violence,1367.0,33.278,44.3783
Iraq#2026-05-02#1367.0,2026-05-02,Middle East,Iraq,Baghdad,Protests,Excessive force against protesters,1,0,,Political violence; Demonstrations,1367.0,33.278,44.3783
Iraq#2026-04-18#1367.0,2026-04-18,Middle East,Iraq,Baghdad,Protests,Peaceful protest,2,0,13040.0,Demonstrations,1367.0,33.278,44.3783
Iraq#2026-04-25#1367.0,2026-04-25,Middle East,Iraq,Baghdad,Protests,Peaceful protest,4,0,39975.0,Demonstrations,1367.0,33.278,44.3783
Iraq#2026-05-02#1367.0,2026-05-02,Middle East,Iraq,Baghdad,Protests,Peaceful protest,2,0,10894.0,Demonstrations,1367.0,33.278,44.3783
Iraq#2026-04-18#1367.0,2026-04-18,Middle East,Iraq,Baghdad,Protests,Protest with intervention,1,0,10894.0,Demonstrations,1367.0,33.278,44.3783
Iraq#2026-05-02#1367.0,2026-05-02,Middle East,Iraq,Baghdad,Riots,Mob violence,1,0,,Political violence,1367.0,33.278,44.3783
Iraq#2026-04-25#1367.0,2026-04-25,Middle East,Iraq,Baghdad,Strategic developments,Arrests,1,0,,Strategic developments,1367.0,33.278,44.3783
Iraq#2026-05-02#1367.0,2026-05-02,Middle East,Iraq,Baghdad,Strategic developments,Arrests,1,0,,Strategic developments,1367.0,33.278,44.3783
Iraq#2026-04-25#1367.0,2026-04-25,Middle East,Iraq,Baghdad,Strategic developments,Disrupted weapons use,3,0,,Strategic developments,1367.0,33.278,44.3783
Iraq#2026-05-02#1367.0,2026-05-02,Middle East,Iraq,Baghdad,Strategic developments,Disrupted weapons use,1,0,,Strategic developments,1367.0,33.278,44.3783
Iraq#2026-04-25#1367.0,2026-04-25,Middle East,Iraq,Baghdad,Strategic developments,Other,1,0,,Strategic developments,1367.0,33.278,44.3783
Iraq#2026-04-25#1367.0,2026-04-25,Middle East,Iraq,Baghdad,Violence against civilians,Attack,1,0,30953.0,Political violence,1367.0,33.278,44.3783
Iraq#2026-04-18#1368.0,2026-04-18,Middle East,Iraq,Diyala,Battles,Armed clash,1,1,,Political violence,1368.0,34.0711,44.8903
Iraq#2026-04-18#1368.0,2026-04-18,Middle East,Iraq,Diyala,Protests,Peaceful protest,1,0,,Demonstrations,1368.0,34.0711,44.8903
Iraq#2026-04-18#1368.0,2026-04-18,Middle East,Iraq,Diyala,Strategic developments,Arrests,1,0,,Strategic developments,1368.0,34.0711,44.8903
Iraq#2026-05-02#1368.0,2026-05-02,Middle East,Iraq,Diyala,Violence against civilians,Attack,1,0,,Political violence,1368.0,34.0711,44.8903
Iraq#2026-04-18#1369.0,2026-04-18,Middle East,Iraq,Duhok,Protests,Peaceful protest,1,0,22617.0,Demonstrations,1369.0,37.0446,43.1386
Iraq#2026-04-18#1370.0,2026-04-18,Middle East,Iraq,Erbil,Explosions/Remote violence,Air/drone strike,5,0,511453.0,Political violence,1370.0,36.3791,44.2104
Iraq#2026-04-25#1370.0,2026-04-25,Middle East,Iraq,Erbil,Explosions/Remote violence,Air/drone strike,2,0,2410.0,Political violence,1370.0,36.3791,44.2104
Iraq#2026-05-02#1370.0,2026-05-02,Middle East,Iraq,Erbil,Explosions/Remote violence,Air/drone strike,6,0,,Political violence,1370.0,36.3791,44.2104
Iraq#2026-05-02#1370.0,2026-05-02,Middle East,Iraq,Erbil,Explosions/Remote violence,Shelling/artillery/missile attack,2,0,,Political violence,1370.0,36.3791,44.2104
Iraq#2026-04-18#1370.0,2026-04-18,Middle East,Iraq,Erbil,Protests,Peaceful protest,2,0,33723.0,Demonstrations,1370.0,36.3791,44.2104
Iraq#2026-05-02#1370.0,2026-05-02,Middle East,Iraq,Erbil,Protests,Peaceful protest,2,0,,Demonstrations,1370.0,36.3791,44.2104
Iraq#2026-05-02#1370.0,2026-05-02,Middle East,Iraq,Erbil,Strategic developments,Arrests,1,0,,Strategic developments,1370.0,36.3791,44.2104
Iraq#2026-04-18#1370.0,2026-04-18,Middle East,Iraq,Erbil,Strategic developments,Disrupted weapons use,1,0,,Strategic developments,1370.0,36.3791,44.2104
Iraq#2026-04-25#1370.0,2026-04-25,Middle East,Iraq,Erbil,Strategic developments,Disrupted weapons use,2,0,,Strategic developments,1370.0,36.3791,44.2104
Iraq#2026-05-02#1370.0,2026-05-02,Middle East,Iraq,Erbil,Strategic developments,Disrupted weapons use,5,0,,Strategic developments,1370.0,36.3791,44.2104
Iraq#2026-04-18#1370.0,2026-04-18,Middle East,Iraq,Erbil,Strategic developments,Looting/property destruction,1,0,,Strategic developments,1370.0,36.3791,44.2104
Iraq#2026-04-18#1370.0,2026-04-18,Middle East,Iraq,Erbil,Strategic developments,Other,2,0,,Strategic developments,1370.0,36.3791,44.2104
Iraq#2026-04-18#1371.0,2026-04-18,Middle East,Iraq,Kerbala,Battles,Armed clash,2,1,,Political violence,1371.0,32.49,43.8069
Iraq#2026-04-25#1371.0,2026-04-25,Middle East,Iraq,Kerbala,Explosions/Remote violence,Remote explosive/landmine/IED,1,1,26134.0,Political violence,1371.0,32.49,43.8069
Iraq#2026-05-02#1371.0,2026-05-02,Middle East,Iraq,Kerbala,Explosions/Remote violence,Remote explosive/landmine/IED,1,1,498734.0,Political violence,1371.0,32.49,43.8069
Iraq#2026-04-18#1371.0,2026-04-18,Middle East,Iraq,Kerbala,Protests,Peaceful protest,1,0,,Demonstrations,1371.0,32.49,43.8069
Iraq#2026-04-25#1371.0,2026-04-25,Middle East,Iraq,Kerbala,Protests,Peaceful protest,3,0,38449.0,Demonstrations,1371.0,32.49,43.8069
Iraq#2026-04-18#1371.0,2026-04-18,Middle East,Iraq,Kerbala,Strategic developments,Other,1,0,,Strategic developments,1371.0,32.49,43.8069
Iraq#2026-05-02#1372.0,2026-05-02,Middle East,Iraq,Kirkuk,Explosions/Remote violence,Air/drone strike,1,2,,Political violence,1372.0,35.2858,44.0603
Iraq#2026-04-18#1372.0,2026-04-18,Middle East,Iraq,Kirkuk,Protests,Peaceful protest,2,0,,Demonstrations,1372.0,35.2858,44.0603
Iraq#2026-04-25#1372.0,2026-04-25,Middle East,Iraq,Kirkuk,Protests,Peaceful protest,3,0,1664.0,Demonstrations,1372.0,35.2858,44.0603
Iraq#2026-05-02#1372.0,2026-05-02,Middle East,Iraq,Kirkuk,Protests,Peaceful protest,1,0,1664.0,Demonstrations,1372.0,35.2858,44.0603
Iraq#2026-04-18#1372.0,2026-04-18,Middle East,Iraq,Kirkuk,Riots,Mob violence,1,0,,Political violence,1372.0,35.2858,44.0603
Iraq#2026-04-18#1372.0,2026-04-18,Middle East,Iraq,Kirkuk,Riots,Violent demonstration,1,0,,Demonstrations,1372.0,35.2858,44.0603
Iraq#2026-04-25#1372.0,2026-04-25,Middle East,Iraq,Kirkuk,Riots,Violent demonstration,1,0,,Demonstrations,1372.0,35.2858,44.0603
Iraq#2026-04-18#1372.0,2026-04-18,Middle East,Iraq,Kirkuk,Strategic developments,Arrests,1,0,,Strategic developments,1372.0,35.2858,44.0603
Iraq#2026-05-02#1372.0,2026-05-02,Middle East,Iraq,Kirkuk,Strategic developments,Arrests,1,0,,Strategic developments,1372.0,35.2858,44.0603
Iraq#2026-04-25#1372.0,2026-04-25,Middle East,Iraq,Kirkuk,Violence against civilians,Attack,1,1,,Political violence,1372.0,35.2858,44.0603
Iraq#2026-04-18#1373.0,2026-04-18,Middle East,Iraq,Maysan,Battles,Armed clash,2,0,,Political violence,1373.0,31.999,47.135
Iraq#2026-05-02#1373.0,2026-05-02,Middle East,Iraq,Maysan,Battles,Armed clash,1,0,334061.0,Political violence,1373.0,31.999,47.135
Iraq#2026-04-18#1373.0,2026-04-18,Middle East,Iraq,Maysan,Protests,Peaceful protest,1,0,,Demonstrations,1373.0,31.999,47.135
Iraq#2026-04-25#1373.0,2026-04-25,Middle East,Iraq,Maysan,Protests,Peaceful protest,3,0,28317.0,Demonstrations,1373.0,31.999,47.135
Iraq#2026-04-25#1374.0,2026-04-25,Middle East,Iraq,Ninewa,Battles,Armed clash,1,3,15886.0,Political violence,1374.0,35.9879,42.3496
Iraq#2026-05-02#1374.0,2026-05-02,Middle East,Iraq,Ninewa,Explosions/Remote violence,Remote explosive/landmine/IED,1,0,,Political violence,1374.0,35.9879,42.3496
Iraq#2026-04-18#1374.0,2026-04-18,Middle East,Iraq,Ninewa,Protests,Peaceful protest,2,0,,Demonstrations,1374.0,35.9879,42.3496
Iraq#2026-04-25#1374.0,2026-04-25,Middle East,Iraq,Ninewa,Protests,Peaceful protest,1,0,,Demonstrations,1374.0,35.9879,42.3496
Iraq#2026-04-18#1374.0,2026-04-18,Middle East,Iraq,Ninewa,Strategic developments,Disrupted weapons use,2,0,,Strategic developments,1374.0,35.9879,42.3496
Iraq#2026-04-25#1374.0,2026-04-25,Middle East,Iraq,Ninewa,Strategic developments,Disrupted weapons use,1,0,,Strategic developments,1374.0,35.9879,42.3496
Iraq#2026-04-18#1374.0,2026-04-18,Middle East,Iraq,Ninewa,Strategic developments,Other,1,0,,Strategic developments,1374.0,35.9879,42.3496
Iraq#2026-04-25#1374.0,2026-04-25,Middle East,Iraq,Ninewa,Strategic developments,Other,1,0,,Strategic developments,1374.0,35.9879,42.3496
Iraq#2026-04-25#1375.0,2026-04-25,Middle East,Iraq,Salah Al Din,Battles,Armed clash,1,1,,Political violence,1375.0,34.6687,43.6316
Iraq#2026-05-02#1375.0,2026-05-02,Middle East,Iraq,Salah Al Din,Battles,Armed clash,1,0,,Political violence,1375.0,34.6687,43.6316
Iraq#2026-04-25#1375.0,2026-04-25,Middle East,Iraq,Salah Al Din,Strategic developments,Arrests,1,0,,Strategic developments,1375.0,34.6687,43.6316
Iraq#2026-04-18#1376.0,2026-04-18,Middle East,Iraq,Thi Qar,Battles,Armed clash,1,0,,Political violence,1376.0,31.2876,46.2732
Iraq#2026-05-02#1376.0,2026-05-02,Middle East,Iraq,Thi Qar,Battles,Armed clash,1,0,,Political violence,1376.0,31.2876,46.2732
Iraq#2026-04-25#1377.0,2026-04-25,Middle East,Iraq,Wassit,Explosions/Remote violence,Remote explosive/landmine/IED,1,1,,Political violence,1377.0,32.7059,45.704
Israel#2026-04-18#1405.0,2026-04-18,Middle East,Israel,HaDarom,Protests,Peaceful protest,4,0,47658.0,Demonstrations,1405.0,30.6783,34.8831
Israel#2026-04-25#1405.0,2026-04-25,Middle East,Israel,HaDarom,Protests,Peaceful protest,1,0,21900.0,Demonstrations,1405.0,30.6783,34.8831
Israel#2026-04-18#1405.0,2026-04-18,Middle East,Israel,HaDarom,Protests,Protest with intervention,1,0,,Demonstrations,1405.0,30.6783,34.8831
Israel#2026-05-02#1405.0,2026-05-02,Middle East,Israel,HaDarom,Protests,Protest with intervention,1,0,,Demonstrations,1405.0,30.6783,34.8831
Israel#2026-04-25#1405.0,2026-04-25,Middle East,Israel,HaDarom,Riots,Violent demonstration,1,0,,Demonstrations,1405.0,30.6783,34.8831
Israel#2026-04-18#1405.0,2026-04-18,Middle East,Israel,HaDarom,Strategic developments,Disrupted weapons use,1,0,,Strategic developments,1405.0,30.6783,34.8831
Israel#2026-05-02#1405.0,2026-05-02,Middle East,Israel,HaDarom,Strategic developments,Disrupted weapons use,1,0,,Strategic developments,1405.0,30.6783,34.8831
Israel#2026-04-18#1405.0,2026-04-18,Middle East,Israel,HaDarom,Strategic developments,Looting/property destruction,1,0,,Strategic developments,1405.0,30.6783,34.8831
Israel#2026-04-25#1405.0,2026-04-25,Middle East,Israel,HaDarom,Violence against civilians,Attack,1,0,,Political violence,1405.0,30.6783,34.8831
Israel#2026-04-18#1407.0,2026-04-18,Middle East,Israel,HaMerkaz,Protests,Peaceful protest,3,0,66482.0,Demonstrations,1407.0,32.085,34.9167
Israel#2026-04-25#1407.0,2026-04-25,Middle East,Israel,HaMerkaz,Protests,Peaceful protest,3,0,45871.0,Demonstrations,1407.0,32.085,34.9167
Israel#2026-05-02#1407.0,2026-05-02,Middle East,Israel,HaMerkaz,Protests,Peaceful protest,2,0,,Demonstrations,1407.0,32.085,34.9167
Israel#2026-04-25#1408.0,2026-04-25,Middle East,Israel,HaZafon,Explosions/Remote violence,Air/drone strike,2,0,487.0,Political violence,1408.0,32.839,35.3807
Israel#2026-05-02#1408.0,2026-05-02,Middle East,Israel,HaZafon,Explosions/Remote violence,Air/drone strike,3,0,1605.0,Political violence,1408.0,32.839,35.3807
Israel#2026-04-25#1408.0,2026-04-25,Middle East,Israel,HaZafon,Explosions/Remote violence,Shelling/artillery/missile attack,4,0,20839.0,Political violence,1408.0,32.839,35.3807
Israel#2026-05-02#1408.0,2026-05-02,Middle East,Israel,HaZafon,Explosions/Remote violence,Shelling/artillery/missile attack,2,0,,Political violence,1408.0,32.839,35.3807
Israel#2026-04-18#1408.0,2026-04-18,Middle East,Israel,HaZafon,Protests,Peaceful protest,4,0,8376.0,Demonstrations,1408.0,32.839,35.3807
Israel#2026-04-25#1408.0,2026-04-25,Middle East,Israel,HaZafon,Protests,Peaceful protest,5,0,41102.0,Demonstrations,1408.0,32.839,35.3807
Israel#2026-05-02#1408.0,2026-05-02,Middle East,Israel,HaZafon,Protests,Peaceful protest,7,0,,Demonstrations,1408.0,32.839,35.3807
Israel#2026-04-18#1408.0,2026-04-18,Middle East,Israel,HaZafon,Protests,Protest with intervention,2,0,8517.0,Demonstrations,1408.0,32.839,35.3807
Israel#2026-05-02#1408.0,2026-05-02,Middle East,Israel,HaZafon,Protests,Protest with intervention,1,0,,Demonstrations,1408.0,32.839,35.3807
Israel#2026-04-18#1408.0,2026-04-18,Middle East,Israel,HaZafon,Strategic developments,Disrupted weapons use,1,0,,Strategic developments,1408.0,32.839,35.3807
Israel#2026-04-25#1408.0,2026-04-25,Middle East,Israel,HaZafon,Strategic developments,Disrupted weapons use,4,0,,Strategic developments,1408.0,32.839,35.3807
Israel#2026-05-02#1408.0,2026-05-02,Middle East,Israel,HaZafon,Strategic developments,Disrupted weapons use,4,0,,Strategic developments,1408.0,32.839,35.3807
Israel#2026-04-18#1406.0,2026-04-18,Middle East,Israel,Haifa,Protests,Peaceful protest,3,0,19846.0,Demonstrations,1406.0,32.6278,34.9819
Israel#2026-04-25#1406.0,2026-04-25,Middle East,Israel,Haifa,Protests,Peaceful protest,2,0,19846.0,Demonstrations,1406.0,32.6278,34.9819
Israel#2026-05-02#1406.0,2026-05-02,Middle East,Israel,Haifa,Protests,Peaceful protest,2,0,,Demonstrations,1406.0,32.6278,34.9819
Israel#2026-05-02#1406.0,2026-05-02,Middle East,Israel,Haifa,Protests,Protest with intervention,1,0,,Demonstrations,1406.0,32.6278,34.9819
Israel#2026-04-25#1406.0,2026-04-25,Middle East,Israel,Haifa,Strategic developments,Other,1,0,,Strategic developments,1406.0,32.6278,34.9819
Israel#2026-04-18#1409.0,2026-04-18,Middle East,Israel,Jerusalem,Protests,Peaceful protest,3,0,17833.0,Demonstrations,1409.0,31.7281,34.9945
Israel#2026-04-25#1409.0,2026-04-25,Middle East,Israel,Jerusalem,Protests,Peaceful protest,1,0,17833.0,Demonstrations,1409.0,31.7281,34.9945
Israel#2026-04-18#1409.0,2026-04-18,Middle East,Israel,Jerusalem,Protests,Protest with intervention,1,0,17833.0,Demonstrations,1409.0,31.7281,34.9945
Israel#2026-04-25#1409.0,2026-04-25,Middle East,Israel,Jerusalem,Protests,Protest with intervention,2,0,17833.0,Demonstrations,1409.0,31.7281,34.9945
Israel#2026-05-02#1409.0,2026-05-02,Middle East,Israel,Jerusalem,Protests,Protest with intervention,1,0,,Demonstrations,1409.0,31.7281,34.9945
Israel#2026-05-02#1409.0,2026-05-02,Middle East,Israel,Jerusalem,Riots,Mob violence,1,0,,Political violence,1409.0,31.7281,34.9945
Israel#2026-04-18#1409.0,2026-04-18,Middle East,Israel,Jerusalem,Riots,Violent demonstration,2,0,,Demonstrations,1409.0,31.7281,34.9945
Israel#2026-04-25#1409.0,2026-04-25,Middle East,Israel,Jerusalem,Riots,Violent demonstration,3,0,89239.0,Demonstrations,1409.0,31.7281,34.9945
Israel#2026-05-02#1409.0,2026-05-02,Middle East,Israel,Jerusalem,Riots,Violent demonstration,1,0,,Demonstrations,1409.0,31.7281,34.9945
Israel#2026-04-25#1409.0,2026-04-25,Middle East,Israel,Jerusalem,Violence against civilians,Attack,1,0,28145.0,Political violence,1409.0,31.7281,34.9945
Israel#2026-04-18#1410.0,2026-04-18,Middle East,Israel,Tel Aviv,Protests,Peaceful protest,5,0,75485.0,Demonstrations,1410.0,32.0984,34.8103
Israel#2026-04-25#1410.0,2026-04-25,Middle East,Israel,Tel Aviv,Protests,Peaceful protest,2,0,44888.0,Demonstrations,1410.0,32.0984,34.8103
Israel#2026-05-02#1410.0,2026-05-02,Middle East,Israel,Tel Aviv,Protests,Peaceful protest,3,0,,Demonstrations,1410.0,32.0984,34.8103
Israel#2026-04-18#1410.0,2026-04-18,Middle East,Israel,Tel Aviv,Protests,Protest with intervention,1,0,,Demonstrations,1410.0,32.0984,34.8103
Israel#2026-04-25#1410.0,2026-04-25,Middle East,Israel,Tel Aviv,Riots,Violent demonstration,2,0,196997.0,Demonstrations,1410.0,32.0984,34.8103
Kuwait#2026-04-18#1590.0,2026-04-18,Middle East,Kuwait,Al Asimah,Strategic developments,Disrupted weapons use,1,0,,Strategic developments,1590.0,29.3474,47.9688
Kuwait#2026-04-18#1592.0,2026-04-18,Middle East,Kuwait,Al Jahra,Explosions/Remote violence,Air/drone strike,1,0,,Political violence,1592.0,29.4988,47.3671
Lebanon#2026-04-25#1736.0,2026-04-25,Middle East,Lebanon,Akkar,Strategic developments,Disrupted weapons use,1,0,,Strategic developments,1736.0,34.5499,36.1901
Lebanon#2026-05-02#1736.0,2026-05-02,Middle East,Lebanon,Akkar,Strategic developments,Looting/property destruction,1,0,,Strategic developments,1736.0,34.5499,36.1901
Lebanon#2026-04-18#1741.0,2026-04-18,Middle East,Lebanon,Al Nabatieh,Battles,Armed clash,4,9,20324.0,Political violence,1741.0,33.2832,35.4971
Lebanon#2026-04-25#1741.0,2026-04-25,Middle East,Lebanon,Al Nabatieh,Battles,Armed clash,1,0,10948.0,Political violence,1741.0,33.2832,35.4971
Lebanon#2026-05-02#1741.0,2026-05-02,Middle East,Lebanon,Al Nabatieh,Battles,Armed clash,3,0,1035.0,Political violence,1741.0,33.2832,35.4971
Lebanon#2026-04-18#1741.0,2026-04-18,Middle East,Lebanon,Al Nabatieh,Explosions/Remote violence,Air/drone strike,26,19,43551.0,Political violence,1741.0,33.2832,35.4971
Lebanon#2026-04-25#1741.0,2026-04-25,Middle East,Lebanon,Al Nabatieh,Explosions/Remote violence,Air/drone strike,166,78,164572.0,Political violence,1741.0,33.2832,35.4971
Lebanon#2026-05-02#1741.0,2026-05-02,Middle East,Lebanon,Al Nabatieh,Explosions/Remote violence,Air/drone strike,222,77,101450.0,Political violence,1741.0,33.2832,35.4971
Lebanon#2026-05-02#1741.0,2026-05-02,Middle East,Lebanon,Al Nabatieh,Explosions/Remote violence,Remote explosive/landmine/IED,1,0,,Political violence,1741.0,33.2832,35.4971
Lebanon#2026-04-18#1741.0,2026-04-18,Middle East,Lebanon,Al Nabatieh,Explosions/Remote violence,Shelling/artillery/missile attack,41,0,40746.0,Political violence,1741.0,33.2832,35.4971
Lebanon#2026-04-25#1741.0,2026-04-25,Middle East,Lebanon,Al Nabatieh,Explosions/Remote violence,Shelling/artillery/missile attack,57,0,81568.0,Political violence,1741.0,33.2832,35.4971
Lebanon#2026-05-02#1741.0,2026-05-02,Middle East,Lebanon,Al Nabatieh,Explosions/Remote violence,Shelling/artillery/missile attack,71,0,89274.0,Political violence,1741.0,33.2832,35.4971
Lebanon#2026-04-18#1741.0,2026-04-18,Middle East,Lebanon,Al Nabatieh,Strategic developments,Arrests,1,0,,Strategic developments,1741.0,33.2832,35.4971
Lebanon#2026-04-18#1741.0,2026-04-18,Middle East,Lebanon,Al Nabatieh,Strategic developments,Change to group/activity,3,0,,Strategic developments,1741.0,33.2832,35.4971
Lebanon#2026-04-25#1741.0,2026-04-25,Middle East,Lebanon,Al Nabatieh,Strategic developments,Change to group/activity,2,0,,Strategic developments,1741.0,33.2832,35.4971
Lebanon#2026-05-02#1741.0,2026-05-02,Middle East,Lebanon,Al Nabatieh,Strategic developments,Change to group/activity,4,0,,Strategic developments,1741.0,33.2832,35.4971
Lebanon#2026-04-18#1741.0,2026-04-18,Middle East,Lebanon,Al Nabatieh,Strategic developments,Disrupted weapons use,12,0,,Strategic developments,1741.0,33.2832,35.4971
Lebanon#2026-04-25#1741.0,2026-04-25,Middle East,Lebanon,Al Nabatieh,Strategic developments,Disrupted weapons use,13,0,,Strategic developments,1741.0,33.2832,35.4971
Lebanon#2026-05-02#1741.0,2026-05-02,Middle East,Lebanon,Al Nabatieh,Strategic developments,Disrupted weapons use,6,0,,Strategic developments,1741.0,33.2832,35.4971
Lebanon#2026-04-18#1741.0,2026-04-18,Middle East,Lebanon,Al Nabatieh,Strategic developments,Looting/property destruction,66,0,,Strategic developments,1741.0,33.2832,35.4971
Lebanon#2026-04-25#1741.0,2026-04-25,Middle East,Lebanon,Al Nabatieh,Strategic developments,Looting/property destruction,33,0,,Strategic developments,1741.0,33.2832,35.4971
Lebanon#2026-05-02#1741.0,2026-05-02,Middle East,Lebanon,Al Nabatieh,Strategic developments,Looting/property destruction,15,0,,Strategic developments,1741.0,33.2832,35.4971
Lebanon#2026-04-18#1741.0,2026-04-18,Middle East,Lebanon,Al Nabatieh,Strategic developments,Other,3,0,,Strategic developments,1741.0,33.2832,35.4971
Lebanon#2026-04-25#1741.0,2026-04-25,Middle East,Lebanon,Al Nabatieh,Strategic developments,Other,5,0,,Strategic developments,1741.0,33.2832,35.4971
Lebanon#2026-04-18#1741.0,2026-04-18,Middle East,Lebanon,Al Nabatieh,Violence against civilians,Abduction/forced disappearance,2,0,13437.0,Political violence,1741.0,33.2832,35.4971
Lebanon#2026-04-18#1741.0,2026-04-18,Middle East,Lebanon,Al Nabatieh,Violence against civilians,Attack,2,1,3257.0,Political violence,1741.0,33.2832,35.4971
Lebanon#2026-04-18#1737.0,2026-04-18,Middle East,Lebanon,Baalbek-Hermel,Battles,Armed clash,1,0,,Political violence,1737.0,34.1673,36.2993
Lebanon#2026-05-02#1737.0,2026-05-02,Middle East,Lebanon,Baalbek-Hermel,Battles,Armed clash,1,1,,Political violence,1737.0,34.1673,36.2993
Lebanon#2026-04-25#1737.0,2026-04-25,Middle East,Lebanon,Baalbek-Hermel,Explosions/Remote violence,Air/drone strike,1,0,,Political violence,1737.0,34.1673,36.2993
Lebanon#2026-05-02#1737.0,2026-05-02,Middle East,Lebanon,Baalbek-Hermel,Explosions/Remote violence,Air/drone strike,2,0,,Political violence,1737.0,34.1673,36.2993
Lebanon#2026-05-02#1737.0,2026-05-02,Middle East,Lebanon,Baalbek-Hermel,Explosions/Remote violence,Shelling/artillery/missile attack,1,0,,Political violence,1737.0,34.1673,36.2993
Lebanon#2026-04-18#1737.0,2026-04-18,Middle East,Lebanon,Baalbek-Hermel,Riots,Mob violence,1,0,,Political violence,1737.0,34.1673,36.2993
Lebanon#2026-05-02#1737.0,2026-05-02,Middle East,Lebanon,Baalbek-Hermel,Strategic developments,Arrests,1,0,,Strategic developments,1737.0,34.1673,36.2993
Lebanon#2026-04-25#1737.0,2026-04-25,Middle East,Lebanon,Baalbek-Hermel,Strategic developments,Disrupted weapons use,2,0,,Strategic developments,1737.0,34.1673,36.2993
Lebanon#2026-04-18#1737.0,2026-04-18,Middle East,Lebanon,Baalbek-Hermel,Violence against civilians,Abduction/forced disappearance,1,0,,Political violence,1737.0,34.1673,36.2993
Lebanon#2026-04-18#1738.0,2026-04-18,Middle East,Lebanon,Beirut,Protests,Peaceful protest,1,0,,Demonstrations,1738.0,33.8886,35.5016
Lebanon#2026-04-25#1738.0,2026-04-25,Middle East,Lebanon,Beirut,Protests,Peaceful protest,4,0,,Demonstrations,1738.0,33.8886,35.5016
Lebanon#2026-04-25#1738.0,2026-04-25,Middle East,Lebanon,Beirut,Riots,Violent demonstration,3,0,,Demonstrations,1738.0,33.8886,35.5016
Lebanon#2026-04-25#1738.0,2026-04-25,Middle East,Lebanon,Beirut,Violence against civilians,Attack,1,0,,Political violence,1738.0,33.8886,35.5016
Lebanon#2026-04-25#1739.0,2026-04-25,Middle East,Lebanon,Bekaa,Battles,Armed clash,1,0,,Political violence,1739.0,33.6407,35.8097
Lebanon#2026-05-02#1739.0,2026-05-02,Middle East,Lebanon,Bekaa,Explosions/Remote violence,Air/drone strike,1,5,,Political violence,1739.0,33.6407,35.8097
Lebanon#2026-04-25#1739.0,2026-04-25,Middle East,Lebanon,Bekaa,Explosions/Remote violence,Remote explosive/landmine/IED,1,0,,Political violence,1739.0,33.6407,35.8097
Lebanon#2026-04-18#1739.0,2026-04-18,Middle East,Lebanon,Bekaa,Protests,Peaceful protest,1,0,,Demonstrations,1739.0,33.6407,35.8097
Lebanon#2026-04-25#1739.0,2026-04-25,Middle East,Lebanon,Bekaa,Protests,Peaceful protest,2,0,,Demonstrations,1739.0,33.6407,35.8097
Lebanon#2026-04-18#1739.0,2026-04-18,Middle East,Lebanon,Bekaa,Strategic developments,Disrupted weapons use,1,0,,Strategic developments,1739.0,33.6407,35.8097
Lebanon#2026-05-02#1740.0,2026-05-02,Middle East,Lebanon,Mount Lebanon,Explosions/Remote violence,Air/drone strike,1,2,,Political violence,1740.0,33.8513,35.6478
Lebanon#2026-04-25#1740.0,2026-04-25,Middle East,Lebanon,Mount Lebanon,Protests,Peaceful protest,1,0,,Demonstrations,1740.0,33.8513,35.6478
Lebanon#2026-04-18#1740.0,2026-04-18,Middle East,Lebanon,Mount Lebanon,Strategic developments,Disrupted weapons use,8,0,,Strategic developments,1740.0,33.8513,35.6478
Lebanon#2026-05-02#1740.0,2026-05-02,Middle East,Lebanon,Mount Lebanon,Strategic developments,Disrupted weapons use,3,0,,Strategic developments,1740.0,33.8513,35.6478
Lebanon#2026-05-02#1742.0,2026-05-02,Middle East,Lebanon,North,Explosions/Remote violence,Air/drone strike,1,0,,Political violence,1742.0,34.3195,35.9369
Lebanon#2026-04-18#1742.0,2026-04-18,Middle East,Lebanon,North,Protests,Peaceful protest,2,0,,Demonstrations,1742.0,34.3195,35.9369
Lebanon#2026-04-18#1742.0,2026-04-18,Middle East,Lebanon,North,Strategic developments,Other,1,0,,Strategic developments,1742.0,34.3195,35.9369
Lebanon#2026-04-18#1743.0,2026-04-18,Middle East,Lebanon,South,Battles,Armed clash,1,3,1400.0,Political violence,1743.0,33.3416,35.3035
Lebanon#2026-04-18#1743.0,2026-04-18,Middle East,Lebanon,South,Explosions/Remote violence,Air/drone strike,8,5,6875.0,Political violence,1743.0,33.3416,35.3035
Lebanon#2026-04-25#1743.0,2026-04-25,Middle East,Lebanon,South,Explosions/Remote violence,Air/drone strike,84,40,81735.0,Political violence,1743.0,33.3416,35.3035
Lebanon#2026-05-02#1743.0,2026-05-02,Middle East,Lebanon,South,Explosions/Remote violence,Air/drone strike,117,35,34424.0,Political violence,1743.0,33.3416,35.3035
Lebanon#2026-04-18#1743.0,2026-04-18,Middle East,Lebanon,South,Explosions/Remote violence,Shelling/artillery/missile attack,5,0,6467.0,Political violence,1743.0,33.3416,35.3035
Lebanon#2026-04-25#1743.0,2026-04-25,Middle East,Lebanon,South,Explosions/Remote violence,Shelling/artillery/missile attack,20,0,11192.0,Political violence,1743.0,33.3416,35.3035
Lebanon#2026-05-02#1743.0,2026-05-02,Middle East,Lebanon,South,Explosions/Remote violence,Shelling/artillery/missile attack,23,0,11070.0,Political violence,1743.0,33.3416,35.3035
Lebanon#2026-04-25#1743.0,2026-04-25,Middle East,Lebanon,South,Protests,Peaceful protest,2,0,,Demonstrations,1743.0,33.3416,35.3035
Lebanon#2026-04-25#1743.0,2026-04-25,Middle East,Lebanon,South,Strategic developments,Change to group/activity,2,0,,Strategic developments,1743.0,33.3416,35.3035
Lebanon#2026-05-02#1743.0,2026-05-02,Middle East,Lebanon,South,Strategic developments,Change to group/activity,2,0,,Strategic developments,1743.0,33.3416,35.3035
Lebanon#2026-04-18#1743.0,2026-04-18,Middle East,Lebanon,South,Strategic developments,Disrupted weapons use,4,0,,Strategic developments,1743.0,33.3416,35.3035
Lebanon#2026-04-25#1743.0,2026-04-25,Middle East,Lebanon,South,Strategic developments,Disrupted weapons use,1,0,,Strategic developments,1743.0,33.3416,35.3035
Lebanon#2026-05-02#1743.0,2026-05-02,Middle East,Lebanon,South,Strategic developments,Disrupted weapons use,2,0,,Strategic developments,1743.0,33.3416,35.3035
Lebanon#2026-04-18#1743.0,2026-04-18,Middle East,Lebanon,South,Strategic developments,Looting/property destruction,22,0,,Strategic developments,1743.0,33.3416,35.3035
Lebanon#2026-04-25#1743.0,2026-04-25,Middle East,Lebanon,South,Strategic developments,Looting/property destruction,11,0,,Strategic developments,1743.0,33.3416,35.3035
Lebanon#2026-05-02#1743.0,2026-05-02,Middle East,Lebanon,South,Strategic developments,Looting/property destruction,10,0,,Strategic developments,1743.0,33.3416,35.3035
Lebanon#2026-05-02#1743.0,2026-05-02,Middle East,Lebanon,South,Strategic developments,Other,1,0,,Strategic developments,1743.0,33.3416,35.3035
Oman#2026-04-25#2273.0,2026-04-25,Middle East,Oman,Al Batinah North,Explosions/Remote violence,Shelling/artillery/missile attack,1,0,19522.0,Political violence,2273.0,24.2357,56.5739
Oman#2026-04-25#4153.0,2026-04-25,Middle East,Oman,Arabian Sea,Strategic developments,Other,3,0,,Strategic developments,4153.0,12.1336,62.3764
Oman#2026-04-18#4154.0,2026-04-18,Middle East,Oman,Gulf of Oman,Explosions/Remote violence,Shelling/artillery/missile attack,1,0,,Political violence,4154.0,24.5876,58.5161
Oman#2026-04-18#4154.0,2026-04-18,Middle East,Oman,Gulf of Oman,Strategic developments,Disrupted weapons use,1,0,,Strategic developments,4154.0,24.5876,58.5161
Oman#2026-05-02#4154.0,2026-05-02,Middle East,Oman,Gulf of Oman,Strategic developments,Disrupted weapons use,1,0,,Strategic developments,4154.0,24.5876,58.5161
Oman#2026-05-02#4154.0,2026-05-02,Middle East,Oman,Gulf of Oman,Strategic developments,Looting/property destruction,1,0,,Strategic developments,4154.0,24.5876,58.5161
Oman#2026-05-02#4154.0,2026-05-02,Middle East,Oman,Gulf of Oman,Violence against civilians,Attack,1,0,,Political violence,4154.0,24.5876,58.5161
Oman#2026-05-02#2280.0,2026-05-02,Middle East,Oman,Musandam,Explosions/Remote violence,Air/drone strike,2,0,,Political violence,2280.0,25.9953,56.303
Oman#2026-04-18#2280.0,2026-04-18,Middle East,Oman,Musandam,Explosions/Remote violence,Shelling/artillery/missile attack,1,0,,Political violence,2280.0,25.9953,56.303
Oman#2026-04-18#4156.0,2026-04-18,Middle East,Oman,Strait of Hormuz,Explosions/Remote violence,Shelling/artillery/missile attack,3,0,,Political violence,4156.0,26.6719,56.4867
Oman#2026-05-02#4156.0,2026-05-02,Middle East,Oman,Strait of Hormuz,Explosions/Remote violence,Shelling/artillery/missile attack,1,0,,Political violence,4156.0,26.6719,56.4867
Oman#2026-04-18#4156.0,2026-04-18,Middle East,Oman,Strait of Hormuz,Strategic developments,Disrupted weapons use,1,0,,Strategic developments,4156.0,26.6719,56.4867
Oman#2026-05-02#4156.0,2026-05-02,Middle East,Oman,Strait of Hormuz,Strategic developments,Disrupted weapons use,1,0,,Strategic developments,4156.0,26.6719,56.4867
Palestine#2026-04-18#2289.0,2026-04-18,Middle East,Palestine,Gaza Strip,Battles,Armed clash,2,4,34217.0,Political violence,2289.0,31.407,34.3577
Palestine#2026-04-25#2289.0,2026-04-25,Middle East,Palestine,Gaza Strip,Battles,Armed clash,3,6,18028.0,Political violence,2289.0,31.407,34.3577
Palestine#2026-05-02#2289.0,2026-05-02,Middle East,Palestine,Gaza Strip,Battles,Armed clash,6,10,75642.0,Political violence,2289.0,31.407,34.3577
Palestine#2026-04-18#2289.0,2026-04-18,Middle East,Palestine,Gaza Strip,Explosions/Remote violence,Air/drone strike,29,38,390936.0,Political violence,2289.0,31.407,34.3577
Palestine#2026-04-25#2289.0,2026-04-25,Middle East,Palestine,Gaza Strip,Explosions/Remote violence,Air/drone strike,18,16,353443.0,Political violence,2289.0,31.407,34.3577
Palestine#2026-05-02#2289.0,2026-05-02,Middle East,Palestine,Gaza Strip,Explosions/Remote violence,Air/drone strike,17,18,170424.0,Political violence,2289.0,31.407,34.3577
Palestine#2026-04-18#2289.0,2026-04-18,Middle East,Palestine,Gaza Strip,Explosions/Remote violence,Shelling/artillery/missile attack,44,7,439772.0,Political violence,2289.0,31.407,34.3577
Palestine#2026-04-25#2289.0,2026-04-25,Middle East,Palestine,Gaza Strip,Explosions/Remote violence,Shelling/artillery/missile attack,32,1,558625.0,Political violence,2289.0,31.407,34.3577
Palestine#2026-05-02#2289.0,2026-05-02,Middle East,Palestine,Gaza Strip,Explosions/Remote violence,Shelling/artillery/missile attack,29,0,69881.0,Political violence,2289.0,31.407,34.3577
Palestine#2026-04-18#2289.0,2026-04-18,Middle East,Palestine,Gaza Strip,Protests,Peaceful protest,6,0,97962.0,Demonstrations,2289.0,31.407,34.3577
Palestine#2026-04-25#2289.0,2026-04-25,Middle East,Palestine,Gaza Strip,Protests,Peaceful protest,2,0,65388.0,Demonstrations,2289.0,31.407,34.3577
Palestine#2026-05-02#2289.0,2026-05-02,Middle East,Palestine,Gaza Strip,Protests,Peaceful protest,1,0,38575.0,Demonstrations,2289.0,31.407,34.3577
Palestine#2026-04-18#2289.0,2026-04-18,Middle East,Palestine,Gaza Strip,Strategic developments,Arrests,1,0,,Strategic developments,2289.0,31.407,34.3577
Palestine#2026-04-25#2289.0,2026-04-25,Middle East,Palestine,Gaza Strip,Strategic developments,Change to group/activity,1,0,,Strategic developments,2289.0,31.407,34.3577
Palestine#2026-04-18#2289.0,2026-04-18,Middle East,Palestine,Gaza Strip,Strategic developments,Looting/property destruction,7,0,,Strategic developments,2289.0,31.407,34.3577
Palestine#2026-04-25#2289.0,2026-04-25,Middle East,Palestine,Gaza Strip,Strategic developments,Looting/property destruction,9,0,,Strategic developments,2289.0,31.407,34.3577
Palestine#2026-05-02#2289.0,2026-05-02,Middle East,Palestine,Gaza Strip,Strategic developments,Looting/property destruction,10,0,,Strategic developments,2289.0,31.407,34.3577
Palestine#2026-04-18#2289.0,2026-04-18,Middle East,Palestine,Gaza Strip,Violence against civilians,Abduction/forced disappearance,1,0,53717.0,Political violence,2289.0,31.407,34.3577
Palestine#2026-04-25#2289.0,2026-04-25,Middle East,Palestine,Gaza Strip,Violence against civilians,Abduction/forced disappearance,1,0,38575.0,Political violence,2289.0,31.407,34.3577
Palestine#2026-04-18#2289.0,2026-04-18,Middle East,Palestine,Gaza Strip,Violence against civilians,Attack,10,2,257889.0,Political violence,2289.0,31.407,34.3577
Palestine#2026-04-25#2289.0,2026-04-25,Middle East,Palestine,Gaza Strip,Violence against civilians,Attack,12,5,205657.0,Political violence,2289.0,31.407,34.3577
Palestine#2026-05-02#2289.0,2026-05-02,Middle East,Palestine,Gaza Strip,Violence against civilians,Attack,5,2,29247.0,Political violence,2289.0,31.407,34.3577
Palestine#2026-04-18#2290.0,2026-04-18,Middle East,Palestine,West Bank,Battles,Armed clash,1,1,,Political violence,2290.0,31.9475,35.267
Palestine#2026-04-25#2290.0,2026-04-25,Middle East,Palestine,West Bank,Battles,Armed clash,1,1,6408.0,Political violence,2290.0,31.9475,35.267
Palestine#2026-05-02#2290.0,2026-05-02,Middle East,Palestine,West Bank,Explosions/Remote violence,Remote explosive/landmine/IED,3,0,,Political violence,2290.0,31.9475,35.267
Palestine#2026-04-18#2290.0,2026-04-18,Middle East,Palestine,West Bank,Protests,Peaceful protest,2,0,33288.0,Demonstrations,2290.0,31.9475,35.267
Palestine#2026-04-25#2290.0,2026-04-25,Middle East,Palestine,West Bank,Protests,Peaceful protest,3,0,54610.0,Demonstrations,2290.0,31.9475,35.267
Palestine#2026-05-02#2290.0,2026-05-02,Middle East,Palestine,West Bank,Protests,Peaceful protest,3,0,,Demonstrations,2290.0,31.9475,35.267
Palestine#2026-04-18#2290.0,2026-04-18,Middle East,Palestine,West Bank,Protests,Protest with intervention,1,0,,Demonstrations,2290.0,31.9475,35.267
Palestine#2026-04-18#2290.0,2026-04-18,Middle East,Palestine,West Bank,Riots,Mob violence,95,1,348071.0,Political violence,2290.0,31.9475,35.267
Palestine#2026-04-25#2290.0,2026-04-25,Middle East,Palestine,West Bank,Riots,Mob violence,75,1,377750.0,Political violence,2290.0,31.9475,35.267
Palestine#2026-05-02#2290.0,2026-05-02,Middle East,Palestine,West Bank,Riots,Mob violence,112,1,38577.0,Political violence,2290.0,31.9475,35.267
Palestine#2026-04-18#2290.0,2026-04-18,Middle East,Palestine,West Bank,Strategic developments,Arrests,2,0,,Strategic developments,2290.0,31.9475,35.267
Palestine#2026-04-18#2290.0,2026-04-18,Middle East,Palestine,West Bank,Strategic developments,Disrupted weapons use,1,0,,Strategic developments,2290.0,31.9475,35.267
Palestine#2026-05-02#2290.0,2026-05-02,Middle East,Palestine,West Bank,Strategic developments,Disrupted weapons use,1,0,,Strategic developments,2290.0,31.9475,35.267
Palestine#2026-04-18#2290.0,2026-04-18,Middle East,Palestine,West Bank,Strategic developments,Looting/property destruction,32,0,,Strategic developments,2290.0,31.9475,35.267
Palestine#2026-04-25#2290.0,2026-04-25,Middle East,Palestine,West Bank,Strategic developments,Looting/property destruction,31,0,,Strategic developments,2290.0,31.9475,35.267
Palestine#2026-05-02#2290.0,2026-05-02,Middle East,Palestine,West Bank,Strategic developments,Looting/property destruction,45,0,,Strategic developments,2290.0,31.9475,35.267
Palestine#2026-04-18#2290.0,2026-04-18,Middle East,Palestine,West Bank,Strategic developments,Other,5,0,,Strategic developments,2290.0,31.9475,35.267
Palestine#2026-04-25#2290.0,2026-04-25,Middle East,Palestine,West Bank,Strategic developments,Other,6,0,,Strategic developments,2290.0,31.9475,35.267
Palestine#2026-05-02#2290.0,2026-05-02,Middle East,Palestine,West Bank,Strategic developments,Other,11,0,,Strategic developments,2290.0,31.9475,35.267
Palestine#2026-04-18#2290.0,2026-04-18,Middle East,Palestine,West Bank,Violence against civilians,Attack,27,3,139065.0,Political violence,2290.0,31.9475,35.267
Palestine#2026-04-25#2290.0,2026-04-25,Middle East,Palestine,West Bank,Violence against civilians,Attack,28,0,181374.0,Political violence,2290.0,31.9475,35.267
Palestine#2026-05-02#2290.0,2026-05-02,Middle East,Palestine,West Bank,Violence against civilians,Attack,17,0,1903.0,Political violence,2290.0,31.9475,35.267
Saudi Arabia#2026-04-18#4162.0,2026-04-18,Middle East,Saudi Arabia,North Red Sea,Strategic developments,Change to group/activity,1,0,,Strategic developments,4162.0,25.4074,35.9101
Syria#2026-04-18#3180.0,2026-04-18,Middle East,Syria,Al Hasakeh,Battles,Armed clash,2,1,5122.0,Political violence,3180.0,36.4131,40.5519
Syria#2026-04-25#3180.0,2026-04-25,Middle East,Syria,Al Hasakeh,Battles,Armed clash,1,0,,Political violence,3180.0,36.4131,40.5519
Syria#2026-05-02#3180.0,2026-05-02,Middle East,Syria,Al Hasakeh,Battles,Armed clash,1,0,,Political violence,3180.0,36.4131,40.5519
Syria#2026-04-18#3180.0,2026-04-18,Middle East,Syria,Al Hasakeh,Explosions/Remote violence,Remote explosive/landmine/IED,2,1,,Political violence,3180.0,36.4131,40.5519
Syria#2026-04-25#3180.0,2026-04-25,Middle East,Syria,Al Hasakeh,Explosions/Remote violence,Remote explosive/landmine/IED,1,1,,Political violence,3180.0,36.4131,40.5519
Syria#2026-05-02#3180.0,2026-05-02,Middle East,Syria,Al Hasakeh,Explosions/Remote violence,Remote explosive/landmine/IED,1,1,,Political violence,3180.0,36.4131,40.5519
Syria#2026-04-18#3180.0,2026-04-18,Middle East,Syria,Al Hasakeh,Protests,Peaceful protest,12,0,70679.0,Demonstrations,3180.0,36.4131,40.5519
Syria#2026-04-25#3180.0,2026-04-25,Middle East,Syria,Al Hasakeh,Protests,Peaceful protest,3,0,47600.0,Demonstrations,3180.0,36.4131,40.5519
Syria#2026-05-02#3180.0,2026-05-02,Middle East,Syria,Al Hasakeh,Protests,Peaceful protest,16,0,,Demonstrations,3180.0,36.4131,40.5519
Syria#2026-05-02#3180.0,2026-05-02,Middle East,Syria,Al Hasakeh,Riots,Violent demonstration,2,0,,Demonstrations,3180.0,36.4131,40.5519
Syria#2026-04-18#3180.0,2026-04-18,Middle East,Syria,Al Hasakeh,Strategic developments,Change to group/activity,6,0,,Strategic developments,3180.0,36.4131,40.5519
Syria#2026-04-25#3180.0,2026-04-25,Middle East,Syria,Al Hasakeh,Strategic developments,Change to group/activity,2,0,,Strategic developments,3180.0,36.4131,40.5519
Syria#2026-05-02#3180.0,2026-05-02,Middle East,Syria,Al Hasakeh,Strategic developments,Change to group/activity,1,0,,Strategic developments,3180.0,36.4131,40.5519
Syria#2026-04-25#3180.0,2026-04-25,Middle East,Syria,Al Hasakeh,Strategic developments,Looting/property destruction,1,0,,Strategic developments,3180.0,36.4131,40.5519
Syria#2026-05-02#3180.0,2026-05-02,Middle East,Syria,Al Hasakeh,Strategic developments,Looting/property destruction,1,0,,Strategic developments,3180.0,36.4131,40.5519
Syria#2026-04-18#3180.0,2026-04-18,Middle East,Syria,Al Hasakeh,Strategic developments,Other,4,0,,Strategic developments,3180.0,36.4131,40.5519
Syria#2026-05-02#3180.0,2026-05-02,Middle East,Syria,Al Hasakeh,Strategic developments,Other,4,0,,Strategic developments,3180.0,36.4131,40.5519
Syria#2026-04-18#3180.0,2026-04-18,Middle East,Syria,Al Hasakeh,Violence against civilians,Abduction/forced disappearance,2,0,195466.0,Political violence,3180.0,36.4131,40.5519
Syria#2026-04-18#3180.0,2026-04-18,Middle East,Syria,Al Hasakeh,Violence against civilians,Attack,2,2,,Political violence,3180.0,36.4131,40.5519
Syria#2026-05-02#3180.0,2026-05-02,Middle East,Syria,Al Hasakeh,Violence against civilians,Attack,3,2,,Political violence,3180.0,36.4131,40.5519
Syria#2026-04-18#3181.0,2026-04-18,Middle East,Syria,Aleppo,Battles,Armed clash,1,0,,Political violence,3181.0,36.1445,37.3978
Syria#2026-04-25#3181.0,2026-04-25,Middle East,Syria,Aleppo,Battles,Armed clash,2,2,,Political violence,3181.0,36.1445,37.3978
Syria#2026-04-18#3181.0,2026-04-18,Middle East,Syria,Aleppo,Explosions/Remote violence,Remote explosive/landmine/IED,2,2,,Political violence,3181.0,36.1445,37.3978
Syria#2026-04-25#3181.0,2026-04-25,Middle East,Syria,Aleppo,Explosions/Remote violence,Remote explosive/landmine/IED,4,2,13063.0,Political violence,3181.0,36.1445,37.3978
Syria#2026-05-02#3181.0,2026-05-02,Middle East,Syria,Aleppo,Explosions/Remote violence,Remote explosive/landmine/IED,2,1,,Political violence,3181.0,36.1445,37.3978
Syria#2026-04-18#3181.0,2026-04-18,Middle East,Syria,Aleppo,Protests,Peaceful protest,6,0,27102.0,Demonstrations,3181.0,36.1445,37.3978
Syria#2026-04-25#3181.0,2026-04-25,Middle East,Syria,Aleppo,Protests,Peaceful protest,4,0,44741.0,Demonstrations,3181.0,36.1445,37.3978
Syria#2026-05-02#3181.0,2026-05-02,Middle East,Syria,Aleppo,Protests,Peaceful protest,6,0,,Demonstrations,3181.0,36.1445,37.3978
Syria#2026-04-25#3181.0,2026-04-25,Middle East,Syria,Aleppo,Strategic developments,Arrests,2,0,,Strategic developments,3181.0,36.1445,37.3978
Syria#2026-05-02#3181.0,2026-05-02,Middle East,Syria,Aleppo,Strategic developments,Arrests,2,0,,Strategic developments,3181.0,36.1445,37.3978
Syria#2026-04-18#3181.0,2026-04-18,Middle East,Syria,Aleppo,Strategic developments,Change to group/activity,1,0,,Strategic developments,3181.0,36.1445,37.3978
Syria#2026-04-18#3181.0,2026-04-18,Middle East,Syria,Aleppo,Strategic developments,Disrupted weapons use,1,0,,Strategic developments,3181.0,36.1445,37.3978
Syria#2026-05-02#3181.0,2026-05-02,Middle East,Syria,Aleppo,Strategic developments,Disrupted weapons use,1,0,,Strategic developments,3181.0,36.1445,37.3978
Syria#2026-04-18#3181.0,2026-04-18,Middle East,Syria,Aleppo,Strategic developments,Looting/property destruction,1,0,,Strategic developments,3181.0,36.1445,37.3978
Syria#2026-04-25#3181.0,2026-04-25,Middle East,Syria,Aleppo,Strategic developments,Looting/property destruction,1,0,,Strategic developments,3181.0,36.1445,37.3978
Syria#2026-04-18#3181.0,2026-04-18,Middle East,Syria,Aleppo,Strategic developments,Other,1,0,,Strategic developments,3181.0,36.1445,37.3978
Syria#2026-04-25#3181.0,2026-04-25,Middle East,Syria,Aleppo,Strategic developments,Other,1,0,,Strategic developments,3181.0,36.1445,37.3978
Syria#2026-04-25#3181.0,2026-04-25,Middle East,Syria,Aleppo,Violence against civilians,Abduction/forced disappearance,1,0,,Political violence,3181.0,36.1445,37.3978
Syria#2026-04-25#3181.0,2026-04-25,Middle East,Syria,Aleppo,Violence against civilians,Attack,1,0,330.0,Political violence,3181.0,36.1445,37.3978
Syria#2026-04-25#3182.0,2026-04-25,Middle East,Syria,Ar Raqqa,Battles,Armed clash,1,0,72717.0,Political violence,3182.0,36.0265,38.922
Syria#2026-05-02#3182.0,2026-05-02,Middle East,Syria,Ar Raqqa,Battles,Armed clash,1,0,,Political violence,3182.0,36.0265,38.922
Syria#2026-04-18#3182.0,2026-04-18,Middle East,Syria,Ar Raqqa,Explosions/Remote violence,Remote explosive/landmine/IED,4,0,,Political violence,3182.0,36.0265,38.922
Syria#2026-04-25#3182.0,2026-04-25,Middle East,Syria,Ar Raqqa,Explosions/Remote violence,Remote explosive/landmine/IED,2,3,72717.0,Political violence,3182.0,36.0265,38.922
Syria#2026-05-02#3182.0,2026-05-02,Middle East,Syria,Ar Raqqa,Explosions/Remote violence,Remote explosive/landmine/IED,1,0,,Political violence,3182.0,36.0265,38.922
Syria#2026-04-18#3182.0,2026-04-18,Middle East,Syria,Ar Raqqa,Protests,Peaceful protest,2,0,7397.0,Demonstrations,3182.0,36.0265,38.922
Syria#2026-04-25#3182.0,2026-04-25,Middle East,Syria,Ar Raqqa,Protests,Peaceful protest,4,0,19595.0,Demonstrations,3182.0,36.0265,38.922
Syria#2026-05-02#3182.0,2026-05-02,Middle East,Syria,Ar Raqqa,Protests,Peaceful protest,3,0,7397.0,Demonstrations,3182.0,36.0265,38.922
Syria#2026-04-18#3182.0,2026-04-18,Middle East,Syria,Ar Raqqa,Strategic developments,Arrests,3,0,,Strategic developments,3182.0,36.0265,38.922
Syria#2026-04-25#3182.0,2026-04-25,Middle East,Syria,Ar Raqqa,Strategic developments,Arrests,3,0,,Strategic developments,3182.0,36.0265,38.922
Syria#2026-05-02#3182.0,2026-05-02,Middle East,Syria,Ar Raqqa,Strategic developments,Arrests,6,0,,Strategic developments,3182.0,36.0265,38.922
Syria#2026-05-02#3182.0,2026-05-02,Middle East,Syria,Ar Raqqa,Strategic developments,Change to group/activity,1,0,,Strategic developments,3182.0,36.0265,38.922
Syria#2026-04-18#3182.0,2026-04-18,Middle East,Syria,Ar Raqqa,Strategic developments,Disrupted weapons use,1,0,,Strategic developments,3182.0,36.0265,38.922
Syria#2026-04-25#3182.0,2026-04-25,Middle East,Syria,Ar Raqqa,Strategic developments,Disrupted weapons use,1,0,,Strategic developments,3182.0,36.0265,38.922
Syria#2026-05-02#3182.0,2026-05-02,Middle East,Syria,Ar Raqqa,Strategic developments,Disrupted weapons use,1,0,,Strategic developments,3182.0,36.0265,38.922
Syria#2026-04-18#3182.0,2026-04-18,Middle East,Syria,Ar Raqqa,Strategic developments,Looting/property destruction,1,0,,Strategic developments,3182.0,36.0265,38.922
Syria#2026-05-02#3182.0,2026-05-02,Middle East,Syria,Ar Raqqa,Strategic developments,Other,4,0,,Strategic developments,3182.0,36.0265,38.922
Syria#2026-04-18#3182.0,2026-04-18,Middle East,Syria,Ar Raqqa,Violence against civilians,Attack,2,1,9345.0,Political violence,3182.0,36.0265,38.922
Syria#2026-04-25#3182.0,2026-04-25,Middle East,Syria,Ar Raqqa,Violence against civilians,Attack,1,1,10952.0,Political violence,3182.0,36.0265,38.922
Syria#2026-05-02#3182.0,2026-05-02,Middle East,Syria,Ar Raqqa,Violence against civilians,Attack,1,0,,Political violence,3182.0,36.0265,38.922
Syria#2026-04-18#3183.0,2026-04-18,Middle East,Syria,As Sweida,Battles,Armed clash,3,1,,Political violence,3183.0,32.7624,36.8919
Syria#2026-04-25#3183.0,2026-04-25,Middle East,Syria,As Sweida,Battles,Armed clash,1,0,181107.0,Political violence,3183.0,32.7624,36.8919
Syria#2026-05-02#3183.0,2026-05-02,Middle East,Syria,As Sweida,Battles,Armed clash,8,1,,Political violence,3183.0,32.7624,36.8919
Syria#2026-05-02#3183.0,2026-05-02,Middle East,Syria,As Sweida,Explosions/Remote violence,Air/drone strike,12,0,401.0,Political violence,3183.0,32.7624,36.8919
Syria#2026-04-18#3183.0,2026-04-18,Middle East,Syria,As Sweida,Explosions/Remote violence,Grenade,1,1,,Political violence,3183.0,32.7624,36.8919
Syria#2026-04-25#3183.0,2026-04-25,Middle East,Syria,As Sweida,Explosions/Remote violence,Grenade,1,0,181107.0,Political violence,3183.0,32.7624,36.8919
Syria#2026-05-02#3183.0,2026-05-02,Middle East,Syria,As Sweida,Explosions/Remote violence,Remote explosive/landmine/IED,1,0,,Political violence,3183.0,32.7624,36.8919
Syria#2026-04-18#3183.0,2026-04-18,Middle East,Syria,As Sweida,Protests,Peaceful protest,1,0,,Demonstrations,3183.0,32.7624,36.8919
Syria#2026-04-25#3183.0,2026-04-25,Middle East,Syria,As Sweida,Protests,Peaceful protest,2,0,62211.0,Demonstrations,3183.0,32.7624,36.8919
Syria#2026-05-02#3183.0,2026-05-02,Middle East,Syria,As Sweida,Protests,Peaceful protest,2,0,,Demonstrations,3183.0,32.7624,36.8919
Syria#2026-04-18#3183.0,2026-04-18,Middle East,Syria,As Sweida,Protests,Protest with intervention,1,0,62211.0,Demonstrations,3183.0,32.7624,36.8919
Syria#2026-04-18#3183.0,2026-04-18,Middle East,Syria,As Sweida,Strategic developments,Arrests,1,0,,Strategic developments,3183.0,32.7624,36.8919
Syria#2026-05-02#3183.0,2026-05-02,Middle East,Syria,As Sweida,Strategic developments,Arrests,2,0,,Strategic developments,3183.0,32.7624,36.8919
Syria#2026-04-18#3183.0,2026-04-18,Middle East,Syria,As Sweida,Strategic developments,Change to group/activity,2,0,,Strategic developments,3183.0,32.7624,36.8919
Syria#2026-05-02#3183.0,2026-05-02,Middle East,Syria,As Sweida,Strategic developments,Disrupted weapons use,2,0,,Strategic developments,3183.0,32.7624,36.8919
Syria#2026-04-18#3183.0,2026-04-18,Middle East,Syria,As Sweida,Strategic developments,Other,1,0,,Strategic developments,3183.0,32.7624,36.8919
Syria#2026-04-25#3183.0,2026-04-25,Middle East,Syria,As Sweida,Strategic developments,Other,1,0,,Strategic developments,3183.0,32.7624,36.8919
Syria#2026-05-02#3183.0,2026-05-02,Middle East,Syria,As Sweida,Strategic developments,Other,1,0,,Strategic developments,3183.0,32.7624,36.8919
Syria#2026-04-18#3183.0,2026-04-18,Middle East,Syria,As Sweida,Violence against civilians,Abduction/forced disappearance,1,0,140117.0,Political violence,3183.0,32.7624,36.8919
Syria#2026-05-02#3183.0,2026-05-02,Middle East,Syria,As Sweida,Violence against civilians,Abduction/forced disappearance,1,0,,Political violence,3183.0,32.7624,36.8919
Syria#2026-04-25#3183.0,2026-04-25,Middle East,Syria,As Sweida,Violence against civilians,Attack,1,0,140117.0,Political violence,3183.0,32.7624,36.8919
Syria#2026-04-18#3184.0,2026-04-18,Middle East,Syria,Damascus,Battles,Armed clash,1,2,78948.0,Political violence,3184.0,33.5153,36.2738
Syria#2026-04-18#3184.0,2026-04-18,Middle East,Syria,Damascus,Protests,Peaceful protest,4,0,24471.0,Demonstrations,3184.0,33.5153,36.2738
Syria#2026-04-25#3184.0,2026-04-25,Middle East,Syria,Damascus,Protests,Peaceful protest,1,0,24471.0,Demonstrations,3184.0,33.5153,36.2738
Syria#2026-05-02#3184.0,2026-05-02,Middle East,Syria,Damascus,Protests,Peaceful protest,1,0,,Demonstrations,3184.0,33.5153,36.2738
Syria#2026-05-02#3184.0,2026-05-02,Middle East,Syria,Damascus,Protests,Protest with intervention,1,0,,Demonstrations,3184.0,33.5153,36.2738
Syria#2026-04-18#3184.0,2026-04-18,Middle East,Syria,Damascus,Strategic developments,Arrests,1,0,,Strategic developments,3184.0,33.5153,36.2738
Syria#2026-04-25#3184.0,2026-04-25,Middle East,Syria,Damascus,Strategic developments,Arrests,2,0,,Strategic developments,3184.0,33.5153,36.2738
Syria#2026-05-02#3184.0,2026-05-02,Middle East,Syria,Damascus,Strategic developments,Arrests,3,0,,Strategic developments,3184.0,33.5153,36.2738
Syria#2026-05-02#3184.0,2026-05-02,Middle East,Syria,Damascus,Strategic developments,Other,1,0,,Strategic developments,3184.0,33.5153,36.2738
Syria#2026-05-02#3184.0,2026-05-02,Middle East,Syria,Damascus,Violence against civilians,Attack,1,0,,Political violence,3184.0,33.5153,36.2738
Syria#2026-04-18#3185.0,2026-04-18,Middle East,Syria,Dara,Explosions/Remote violence,Grenade,1,0,,Political violence,3185.0,32.831,36.1112
Syria#2026-04-25#3185.0,2026-04-25,Middle East,Syria,Dara,Explosions/Remote violence,Remote explosive/landmine/IED,2,4,,Political violence,3185.0,32.831,36.1112
Syria#2026-05-02#3185.0,2026-05-02,Middle East,Syria,Dara,Explosions/Remote violence,Shelling/artillery/missile attack,3,0,,Political violence,3185.0,32.831,36.1112
Syria#2026-05-02#3185.0,2026-05-02,Middle East,Syria,Dara,Strategic developments,Arrests,1,0,,Strategic developments,3185.0,32.831,36.1112
Syria#2026-04-18#3185.0,2026-04-18,Middle East,Syria,Dara,Strategic developments,Change to group/activity,5,0,,Strategic developments,3185.0,32.831,36.1112
Syria#2026-04-25#3185.0,2026-04-25,Middle East,Syria,Dara,Strategic developments,Change to group/activity,8,0,,Strategic developments,3185.0,32.831,36.1112
Syria#2026-05-02#3185.0,2026-05-02,Middle East,Syria,Dara,Strategic developments,Change to group/activity,9,0,,Strategic developments,3185.0,32.831,36.1112
Syria#2026-04-25#3185.0,2026-04-25,Middle East,Syria,Dara,Strategic developments,Looting/property destruction,1,0,,Strategic developments,3185.0,32.831,36.1112
Syria#2026-04-18#3185.0,2026-04-18,Middle East,Syria,Dara,Strategic developments,Other,5,0,,Strategic developments,3185.0,32.831,36.1112
Syria#2026-04-25#3185.0,2026-04-25,Middle East,Syria,Dara,Strategic developments,Other,5,0,,Strategic developments,3185.0,32.831,36.1112
Syria#2026-05-02#3185.0,2026-05-02,Middle East,Syria,Dara,Strategic developments,Other,4,0,,Strategic developments,3185.0,32.831,36.1112
Syria#2026-04-18#3185.0,2026-04-18,Middle East,Syria,Dara,Violence against civilians,Attack,2,1,,Political violence,3185.0,32.831,36.1112
Syria#2026-04-18#3186.0,2026-04-18,Middle East,Syria,Deir ez Zor,Battles,Armed clash,3,0,,Political violence,3186.0,35.2318,40.2761
Syria#2026-04-25#3186.0,2026-04-25,Middle East,Syria,Deir ez Zor,Battles,Armed clash,8,2,50754.0,Political violence,3186.0,35.2318,40.2761
Syria#2026-05-02#3186.0,2026-05-02,Middle East,Syria,Deir ez Zor,Battles,Armed clash,1,0,,Political violence,3186.0,35.2318,40.2761
Syria#2026-04-18#3186.0,2026-04-18,Middle East,Syria,Deir ez Zor,Explosions/Remote violence,Grenade,1,0,,Political violence,3186.0,35.2318,40.2761
Syria#2026-04-25#3186.0,2026-04-25,Middle East,Syria,Deir ez Zor,Explosions/Remote violence,Grenade,2,0,4066.0,Political violence,3186.0,35.2318,40.2761
Syria#2026-05-02#3186.0,2026-05-02,Middle East,Syria,Deir ez Zor,Explosions/Remote violence,Remote explosive/landmine/IED,4,1,,Political violence,3186.0,35.2318,40.2761
Syria#2026-04-18#3186.0,2026-04-18,Middle East,Syria,Deir ez Zor,Protests,Peaceful protest,1,0,,Demonstrations,3186.0,35.2318,40.2761
Syria#2026-04-25#3186.0,2026-04-25,Middle East,Syria,Deir ez Zor,Protests,Peaceful protest,2,0,,Demonstrations,3186.0,35.2318,40.2761
Syria#2026-05-02#3186.0,2026-05-02,Middle East,Syria,Deir ez Zor,Protests,Peaceful protest,2,0,,Demonstrations,3186.0,35.2318,40.2761
Syria#2026-05-02#3186.0,2026-05-02,Middle East,Syria,Deir ez Zor,Protests,Protest with intervention,2,0,,Demonstrations,3186.0,35.2318,40.2761
Syria#2026-04-25#3186.0,2026-04-25,Middle East,Syria,Deir ez Zor,Riots,Violent demonstration,1,0,,Demonstrations,3186.0,35.2318,40.2761
Syria#2026-04-18#3186.0,2026-04-18,Middle East,Syria,Deir ez Zor,Strategic developments,Arrests,6,0,,Strategic developments,3186.0,35.2318,40.2761
Syria#2026-04-25#3186.0,2026-04-25,Middle East,Syria,Deir ez Zor,Strategic developments,Arrests,7,0,,Strategic developments,3186.0,35.2318,40.2761
Syria#2026-05-02#3186.0,2026-05-02,Middle East,Syria,Deir ez Zor,Strategic developments,Arrests,4,0,,Strategic developments,3186.0,35.2318,40.2761
Syria#2026-04-18#3186.0,2026-04-18,Middle East,Syria,Deir ez Zor,Strategic developments,Change to group/activity,1,0,,Strategic developments,3186.0,35.2318,40.2761
Syria#2026-05-02#3186.0,2026-05-02,Middle East,Syria,Deir ez Zor,Strategic developments,Disrupted weapons use,1,0,,Strategic developments,3186.0,35.2318,40.2761
Syria#2026-04-18#3186.0,2026-04-18,Middle East,Syria,Deir ez Zor,Strategic developments,Looting/property destruction,1,0,,Strategic developments,3186.0,35.2318,40.2761
Syria#2026-04-25#3186.0,2026-04-25,Middle East,Syria,Deir ez Zor,Strategic developments,Looting/property destruction,1,0,,Strategic developments,3186.0,35.2318,40.2761
Syria#2026-05-02#3186.0,2026-05-02,Middle East,Syria,Deir ez Zor,Strategic developments,Looting/property destruction,1,0,,Strategic developments,3186.0,35.2318,40.2761
Syria#2026-04-18#3186.0,2026-04-18,Middle East,Syria,Deir ez Zor,Strategic developments,Other,1,0,,Strategic developments,3186.0,35.2318,40.2761
Syria#2026-05-02#3186.0,2026-05-02,Middle East,Syria,Deir ez Zor,Strategic developments,Other,1,0,,Strategic developments,3186.0,35.2318,40.2761
Syria#2026-05-02#3187.0,2026-05-02,Middle East,Syria,Hama,Battles,Armed clash,1,0,,Political violence,3187.0,35.3165,37.3411
Syria#2026-04-18#3187.0,2026-04-18,Middle East,Syria,Hama,Explosions/Remote violence,Remote explosive/landmine/IED,2,1,,Political violence,3187.0,35.3165,37.3411
Syria#2026-04-25#3187.0,2026-04-25,Middle East,Syria,Hama,Explosions/Remote violence,Remote explosive/landmine/IED,1,1,,Political violence,3187.0,35.3165,37.3411
Syria#2026-05-02#3187.0,2026-05-02,Middle East,Syria,Hama,Explosions/Remote violence,Remote explosive/landmine/IED,1,0,,Political violence,3187.0,35.3165,37.3411
Syria#2026-04-25#3187.0,2026-04-25,Middle East,Syria,Hama,Protests,Peaceful protest,2,0,43679.0,Demonstrations,3187.0,35.3165,37.3411
Syria#2026-05-02#3187.0,2026-05-02,Middle East,Syria,Hama,Protests,Peaceful protest,1,0,,Demonstrations,3187.0,35.3165,37.3411
Syria#2026-04-18#3187.0,2026-04-18,Middle East,Syria,Hama,Strategic developments,Arrests,1,0,,Strategic developments,3187.0,35.3165,37.3411
Syria#2026-04-25#3187.0,2026-04-25,Middle East,Syria,Hama,Strategic developments,Arrests,1,0,,Strategic developments,3187.0,35.3165,37.3411
Syria#2026-05-02#3187.0,2026-05-02,Middle East,Syria,Hama,Strategic developments,Disrupted weapons use,1,0,,Strategic developments,3187.0,35.3165,37.3411
Syria#2026-04-18#3187.0,2026-04-18,Middle East,Syria,Hama,Violence against civilians,Attack,2,1,,Political violence,3187.0,35.3165,37.3411
Syria#2026-05-02#3187.0,2026-05-02,Middle East,Syria,Hama,Violence against civilians,Attack,1,1,,Political violence,3187.0,35.3165,37.3411
Syria#2026-04-18#3188.0,2026-04-18,Middle East,Syria,Homs,Battles,Armed clash,1,0,,Political violence,3188.0,34.4708,38.2063
Syria#2026-04-25#3188.0,2026-04-25,Middle East,Syria,Homs,Battles,Armed clash,2,3,8226.0,Political violence,3188.0,34.4708,38.2063
Syria#2026-04-18#3188.0,2026-04-18,Middle East,Syria,Homs,Explosions/Remote violence,Remote explosive/landmine/IED,2,2,,Political violence,3188.0,34.4708,38.2063
Syria#2026-04-25#3188.0,2026-04-25,Middle East,Syria,Homs,Explosions/Remote violence,Remote explosive/landmine/IED,1,1,,Political violence,3188.0,34.4708,38.2063
Syria#2026-04-18#3188.0,2026-04-18,Middle East,Syria,Homs,Strategic developments,Arrests,1,0,,Strategic developments,3188.0,34.4708,38.2063
Syria#2026-05-02#3188.0,2026-05-02,Middle East,Syria,Homs,Strategic developments,Arrests,1,0,,Strategic developments,3188.0,34.4708,38.2063
Syria#2026-04-18#3188.0,2026-04-18,Middle East,Syria,Homs,Strategic developments,Looting/property destruction,1,0,,Strategic developments,3188.0,34.4708,38.2063
Syria#2026-04-25#3188.0,2026-04-25,Middle East,Syria,Homs,Strategic developments,Other,1,0,,Strategic developments,3188.0,34.4708,38.2063
Syria#2026-04-18#3188.0,2026-04-18,Middle East,Syria,Homs,Violence against civilians,Attack,2,2,8226.0,Political violence,3188.0,34.4708,38.2063
Syria#2026-04-25#3188.0,2026-04-25,Middle East,Syria,Homs,Violence against civilians,Attack,5,4,56805.0,Political violence,3188.0,34.4708,38.2063
Syria#2026-05-02#3188.0,2026-05-02,Middle East,Syria,Homs,Violence against civilians,Attack,1,2,19263.0,Political violence,3188.0,34.4708,38.2063
Syria#2026-04-25#3189.0,2026-04-25,Middle East,Syria,Idleb,Battles,Armed clash,1,0,,Political violence,3189.0,35.8547,36.5648
Syria#2026-04-25#3189.0,2026-04-25,Middle East,Syria,Idleb,Explosions/Remote violence,Remote explosive/landmine/IED,2,1,13736.0,Political violence,3189.0,35.8547,36.5648
Syria#2026-05-02#3189.0,2026-05-02,Middle East,Syria,Idleb,Protests,Peaceful protest,1,0,,Demonstrations,3189.0,35.8547,36.5648
Syria#2026-04-18#3189.0,2026-04-18,Middle East,Syria,Idleb,Strategic developments,Arrests,1,0,,Strategic developments,3189.0,35.8547,36.5648
Syria#2026-05-02#3189.0,2026-05-02,Middle East,Syria,Idleb,Strategic developments,Arrests,4,0,,Strategic developments,3189.0,35.8547,36.5648
Syria#2026-05-02#3189.0,2026-05-02,Middle East,Syria,Idleb,Strategic developments,Change to group/activity,1,0,,Strategic developments,3189.0,35.8547,36.5648
Syria#2026-04-18#3190.0,2026-04-18,Middle East,Syria,Lattakia,Battles,Armed clash,1,2,,Political violence,3190.0,35.5854,35.9916
Syria#2026-04-25#3190.0,2026-04-25,Middle East,Syria,Lattakia,Battles,Armed clash,2,2,86022.0,Political violence,3190.0,35.5854,35.9916
Syria#2026-05-02#3190.0,2026-05-02,Middle East,Syria,Lattakia,Battles,Armed clash,1,0,186871.0,Political violence,3190.0,35.5854,35.9916
Syria#2026-05-02#3190.0,2026-05-02,Middle East,Syria,Lattakia,Explosions/Remote violence,Grenade,1,0,,Political violence,3190.0,35.5854,35.9916
Syria#2026-04-25#3190.0,2026-04-25,Middle East,Syria,Lattakia,Strategic developments,Arrests,1,0,,Strategic developments,3190.0,35.5854,35.9916
Syria#2026-05-02#3190.0,2026-05-02,Middle East,Syria,Lattakia,Strategic developments,Arrests,2,0,,Strategic developments,3190.0,35.5854,35.9916
Syria#2026-04-18#3190.0,2026-04-18,Middle East,Syria,Lattakia,Strategic developments,Change to group/activity,3,0,,Strategic developments,3190.0,35.5854,35.9916
Syria#2026-04-25#3190.0,2026-04-25,Middle East,Syria,Lattakia,Strategic developments,Change to group/activity,2,0,,Strategic developments,3190.0,35.5854,35.9916
Syria#2026-04-18#3190.0,2026-04-18,Middle East,Syria,Lattakia,Strategic developments,Looting/property destruction,1,0,,Strategic developments,3190.0,35.5854,35.9916
Syria#2026-04-25#3190.0,2026-04-25,Middle East,Syria,Lattakia,Strategic developments,Other,2,0,,Strategic developments,3190.0,35.5854,35.9916
Syria#2026-05-02#3190.0,2026-05-02,Middle East,Syria,Lattakia,Violence against civilians,Abduction/forced disappearance,1,0,11307.0,Political violence,3190.0,35.5854,35.9916
Syria#2026-04-25#3190.0,2026-04-25,Middle East,Syria,Lattakia,Violence against civilians,Attack,1,1,186871.0,Political violence,3190.0,35.5854,35.9916
Syria#2026-04-18#3191.0,2026-04-18,Middle East,Syria,Quneitra,Explosions/Remote violence,Remote explosive/landmine/IED,1,0,,Political violence,3191.0,33.0113,35.7989
Syria#2026-04-25#3191.0,2026-04-25,Middle East,Syria,Quneitra,Explosions/Remote violence,Shelling/artillery/missile attack,1,0,175.0,Political violence,3191.0,33.0113,35.7989
Syria#2026-05-02#3191.0,2026-05-02,Middle East,Syria,Quneitra,Explosions/Remote violence,Shelling/artillery/missile attack,5,0,,Political violence,3191.0,33.0113,35.7989
Syria#2026-04-25#3191.0,2026-04-25,Middle East,Syria,Quneitra,Protests,Peaceful protest,1,0,554.0,Demonstrations,3191.0,33.0113,35.7989
Syria#2026-04-18#3191.0,2026-04-18,Middle East,Syria,Quneitra,Protests,Protest with intervention,1,0,,Demonstrations,3191.0,33.0113,35.7989
Syria#2026-05-02#3191.0,2026-05-02,Middle East,Syria,Quneitra,Protests,Protest with intervention,1,0,,Demonstrations,3191.0,33.0113,35.7989
Syria#2026-04-18#3191.0,2026-04-18,Middle East,Syria,Quneitra,Strategic developments,Arrests,1,0,,Strategic developments,3191.0,33.0113,35.7989
Syria#2026-04-18#3191.0,2026-04-18,Middle East,Syria,Quneitra,Strategic developments,Change to group/activity,12,0,,Strategic developments,3191.0,33.0113,35.7989
Syria#2026-04-25#3191.0,2026-04-25,Middle East,Syria,Quneitra,Strategic developments,Change to group/activity,10,0,,Strategic developments,3191.0,33.0113,35.7989
Syria#2026-05-02#3191.0,2026-05-02,Middle East,Syria,Quneitra,Strategic developments,Change to group/activity,4,0,,Strategic developments,3191.0,33.0113,35.7989
Syria#2026-04-18#3191.0,2026-04-18,Middle East,Syria,Quneitra,Strategic developments,Looting/property destruction,1,0,,Strategic developments,3191.0,33.0113,35.7989
Syria#2026-04-25#3191.0,2026-04-25,Middle East,Syria,Quneitra,Strategic developments,Looting/property destruction,1,0,,Strategic developments,3191.0,33.0113,35.7989
Syria#2026-04-18#3191.0,2026-04-18,Middle East,Syria,Quneitra,Strategic developments,Other,6,0,,Strategic developments,3191.0,33.0113,35.7989
Syria#2026-04-25#3191.0,2026-04-25,Middle East,Syria,Quneitra,Strategic developments,Other,4,0,,Strategic developments,3191.0,33.0113,35.7989
Syria#2026-05-02#3191.0,2026-05-02,Middle East,Syria,Quneitra,Strategic developments,Other,6,0,,Strategic developments,3191.0,33.0113,35.7989
Syria#2026-04-18#3191.0,2026-04-18,Middle East,Syria,Quneitra,Violence against civilians,Abduction/forced disappearance,4,0,943.0,Political violence,3191.0,33.0113,35.7989
Syria#2026-05-02#3191.0,2026-05-02,Middle East,Syria,Quneitra,Violence against civilians,Abduction/forced disappearance,1,0,,Political violence,3191.0,33.0113,35.7989
Syria#2026-05-02#3192.0,2026-05-02,Middle East,Syria,Rural Damascus,Battles,Armed clash,1,0,,Political violence,3192.0,33.4538,37.4305
Syria#2026-04-25#3192.0,2026-04-25,Middle East,Syria,Rural Damascus,Explosions/Remote violence,Grenade,1,1,50654.0,Political violence,3192.0,33.4538,37.4305
Syria#2026-04-18#3192.0,2026-04-18,Middle East,Syria,Rural Damascus,Explosions/Remote violence,Remote explosive/landmine/IED,1,1,,Political violence,3192.0,33.4538,37.4305
Syria#2026-04-25#3192.0,2026-04-25,Middle East,Syria,Rural Damascus,Protests,Peaceful protest,2,0,,Demonstrations,3192.0,33.4538,37.4305
Syria#2026-05-02#3192.0,2026-05-02,Middle East,Syria,Rural Damascus,Strategic developments,Arrests,2,0,,Strategic developments,3192.0,33.4538,37.4305
Syria#2026-05-02#3192.0,2026-05-02,Middle East,Syria,Rural Damascus,Strategic developments,Other,2,0,,Strategic developments,3192.0,33.4538,37.4305
Syria#2026-05-02#3192.0,2026-05-02,Middle East,Syria,Rural Damascus,Violence against civilians,Abduction/forced disappearance,1,0,,Political violence,3192.0,33.4538,37.4305
Syria#2026-04-18#3192.0,2026-04-18,Middle East,Syria,Rural Damascus,Violence against civilians,Attack,1,1,,Political violence,3192.0,33.4538,37.4305
Syria#2026-04-25#3192.0,2026-04-25,Middle East,Syria,Rural Damascus,Violence against civilians,Attack,3,3,77822.0,Political violence,3192.0,33.4538,37.4305
Syria#2026-04-18#3193.0,2026-04-18,Middle East,Syria,Tartous,Explosions/Remote violence,Grenade,1,0,,Political violence,3193.0,34.9536,36.075
Syria#2026-05-02#3193.0,2026-05-02,Middle East,Syria,Tartous,Explosions/Remote violence,Remote explosive/landmine/IED,1,0,,Political violence,3193.0,34.9536,36.075
Syria#2026-04-25#3193.0,2026-04-25,Middle East,Syria,Tartous,Strategic developments,Arrests,2,0,,Strategic developments,3193.0,34.9536,36.075
Syria#2026-05-02#3193.0,2026-05-02,Middle East,Syria,Tartous,Strategic developments,Arrests,3,0,,Strategic developments,3193.0,34.9536,36.075
United Arab Emirates#2026-05-02#3472.0,2026-05-02,Middle East,United Arab Emirates,Abu Dhabi,Explosions/Remote violence,Shelling/artillery/missile attack,1,0,,Political violence,3472.0,23.7727,53.7133
United Arab Emirates#2026-04-18#3472.0,2026-04-18,Middle East,United Arab Emirates,Abu Dhabi,Strategic developments,Arrests,1,0,,Strategic developments,3472.0,23.7727,53.7133
United Arab Emirates#2026-04-18#3472.0,2026-04-18,Middle East,United Arab Emirates,Abu Dhabi,Strategic developments,Change to group/activity,1,0,,Strategic developments,3472.0,23.7727,53.7133
United Arab Emirates#2026-05-02#3472.0,2026-05-02,Middle East,United Arab Emirates,Abu Dhabi,Strategic developments,Disrupted weapons use,4,0,,Strategic developments,3472.0,23.7727,53.7133
United Arab Emirates#2026-04-25#3472.0,2026-04-25,Middle East,United Arab Emirates,Abu Dhabi,Strategic developments,Other,2,0,,Strategic developments,3472.0,23.7727,53.7133
United Arab Emirates#2026-05-02#3474.0,2026-05-02,Middle East,United Arab Emirates,Al Fujayrah,Explosions/Remote violence,Air/drone strike,2,1,,Political violence,3474.0,25.4363,56.2301
,2026-05-02,Middle East,United Arab Emirates,Persian Gulf,Explosions/Remote violence,Air/drone strike,2,0,,Political violence,,26.971,51.251
Yemen#2026-04-18#3674.0,2026-04-18,Middle East,Yemen,Abyan,Battles,Armed clash,4,0,,Political violence,3674.0,13.6274,46.228
Yemen#2026-04-25#3674.0,2026-04-25,Middle East,Yemen,Abyan,Battles,Armed clash,2,4,,Political violence,3674.0,13.6274,46.228
Yemen#2026-04-18#3674.0,2026-04-18,Middle East,Yemen,Abyan,Protests,Peaceful protest,1,0,,Demonstrations,3674.0,13.6274,46.228
Yemen#2026-05-02#3674.0,2026-05-02,Middle East,Yemen,Abyan,Riots,Mob violence,1,0,,Political violence,3674.0,13.6274,46.228
Yemen#2026-04-25#3674.0,2026-04-25,Middle East,Yemen,Abyan,Strategic developments,Change to group/activity,1,0,,Strategic developments,3674.0,13.6274,46.228
Yemen#2026-04-18#3674.0,2026-04-18,Middle East,Yemen,Abyan,Strategic developments,Looting/property destruction,2,0,,Strategic developments,3674.0,13.6274,46.228
Yemen#2026-04-25#3674.0,2026-04-25,Middle East,Yemen,Abyan,Strategic developments,Other,2,0,,Strategic developments,3674.0,13.6274,46.228
Yemen#2026-04-18#3675.0,2026-04-18,Middle East,Yemen,Ad Dali,Battles,Armed clash,3,0,,Political violence,3675.0,13.8943,44.7825
Yemen#2026-04-25#3675.0,2026-04-25,Middle East,Yemen,Ad Dali,Battles,Armed clash,3,13,52988.0,Political violence,3675.0,13.8943,44.7825
Yemen#2026-05-02#3675.0,2026-05-02,Middle East,Yemen,Ad Dali,Battles,Armed clash,5,12,,Political violence,3675.0,13.8943,44.7825
Yemen#2026-04-18#3675.0,2026-04-18,Middle East,Yemen,Ad Dali,Explosions/Remote violence,Remote explosive/landmine/IED,2,2,,Political violence,3675.0,13.8943,44.7825
Yemen#2026-05-02#3675.0,2026-05-02,Middle East,Yemen,Ad Dali,Explosions/Remote violence,Remote explosive/landmine/IED,2,0,,Political violence,3675.0,13.8943,44.7825
Yemen#2026-04-25#3675.0,2026-04-25,Middle East,Yemen,Ad Dali,Strategic developments,Change to group/activity,1,0,,Strategic developments,3675.0,13.8943,44.7825
Yemen#2026-04-18#3675.0,2026-04-18,Middle East,Yemen,Ad Dali,Violence against civilians,Attack,1,0,,Political violence,3675.0,13.8943,44.7825
Yemen#2026-04-18#3676.0,2026-04-18,Middle East,Yemen,Aden,Battles,Armed clash,1,0,,Political violence,3676.0,12.8058,44.788
Yemen#2026-04-25#3676.0,2026-04-25,Middle East,Yemen,Aden,Battles,Armed clash,1,0,28722.0,Political violence,3676.0,12.8058,44.788
Yemen#2026-04-18#3676.0,2026-04-18,Middle East,Yemen,Aden,Protests,Peaceful protest,2,0,,Demonstrations,3676.0,12.8058,44.788
Yemen#2026-04-25#3676.0,2026-04-25,Middle East,Yemen,Aden,Protests,Peaceful protest,4,0,23648.0,Demonstrations,3676.0,12.8058,44.788
Yemen#2026-05-02#3676.0,2026-05-02,Middle East,Yemen,Aden,Protests,Peaceful protest,2,0,,Demonstrations,3676.0,12.8058,44.788
Yemen#2026-04-18#3676.0,2026-04-18,Middle East,Yemen,Aden,Strategic developments,Change to group/activity,1,0,,Strategic developments,3676.0,12.8058,44.788
Yemen#2026-04-25#3676.0,2026-04-25,Middle East,Yemen,Aden,Strategic developments,Change to group/activity,4,0,,Strategic developments,3676.0,12.8058,44.788
Yemen#2026-05-02#3676.0,2026-05-02,Middle East,Yemen,Aden,Strategic developments,Change to group/activity,2,0,,Strategic developments,3676.0,12.8058,44.788
Yemen#2026-05-02#3676.0,2026-05-02,Middle East,Yemen,Aden,Strategic developments,Disrupted weapons use,1,0,,Strategic developments,3676.0,12.8058,44.788
Yemen#2026-04-25#3676.0,2026-04-25,Middle East,Yemen,Aden,Strategic developments,Non-violent transfer of territory,1,0,,Strategic developments,3676.0,12.8058,44.788
Yemen#2026-04-25#3676.0,2026-04-25,Middle East,Yemen,Aden,Strategic developments,Other,1,0,,Strategic developments,3676.0,12.8058,44.788
Yemen#2026-04-18#3676.0,2026-04-18,Middle East,Yemen,Aden,Violence against civilians,Abduction/forced disappearance,1,0,,Political violence,3676.0,12.8058,44.788
Yemen#2026-04-25#3676.0,2026-04-25,Middle East,Yemen,Aden,Violence against civilians,Abduction/forced disappearance,1,0,,Political violence,3676.0,12.8058,44.788
Yemen#2026-05-02#3676.0,2026-05-02,Middle East,Yemen,Aden,Violence against civilians,Abduction/forced disappearance,2,0,,Political violence,3676.0,12.8058,44.788
Yemen#2026-04-25#3676.0,2026-04-25,Middle East,Yemen,Aden,Violence against civilians,Attack,1,1,,Political violence,3676.0,12.8058,44.788
Yemen#2026-05-02#3676.0,2026-05-02,Middle East,Yemen,Aden,Violence against civilians,Attack,2,1,,Political violence,3676.0,12.8058,44.788
Yemen#2026-04-18#3677.0,2026-04-18,Middle East,Yemen,Al Bayda,Battles,Armed clash,5,0,,Political violence,3677.0,14.326,45.216
Yemen#2026-04-25#3677.0,2026-04-25,Middle East,Yemen,Al Bayda,Battles,Armed clash,5,1,11142.0,Political violence,3677.0,14.326,45.216
Yemen#2026-05-02#3677.0,2026-05-02,Middle East,Yemen,Al Bayda,Battles,Armed clash,1,0,,Political violence,3677.0,14.326,45.216
Yemen#2026-04-18#3677.0,2026-04-18,Middle East,Yemen,Al Bayda,Explosions/Remote violence,Air/drone strike,1,0,,Political violence,3677.0,14.326,45.216
Yemen#2026-04-18#3677.0,2026-04-18,Middle East,Yemen,Al Bayda,Explosions/Remote violence,Shelling/artillery/missile attack,1,0,,Political violence,3677.0,14.326,45.216
Yemen#2026-04-25#3677.0,2026-04-25,Middle East,Yemen,Al Bayda,Strategic developments,Change to group/activity,1,0,,Strategic developments,3677.0,14.326,45.216
Yemen#2026-04-18#3677.0,2026-04-18,Middle East,Yemen,Al Bayda,Violence against civilians,Attack,1,1,22347.0,Political violence,3677.0,14.326,45.216
Yemen#2026-04-25#3677.0,2026-04-25,Middle East,Yemen,Al Bayda,Violence against civilians,Attack,1,1,,Political violence,3677.0,14.326,45.216
Yemen#2026-04-25#3678.0,2026-04-25,Middle East,Yemen,Al Hudaydah,Explosions/Remote violence,Remote explosive/landmine/IED,1,0,,Political violence,3678.0,14.7791,43.2181
Yemen#2026-05-02#3678.0,2026-05-02,Middle East,Yemen,Al Hudaydah,Explosions/Remote violence,Remote explosive/landmine/IED,1,0,,Political violence,3678.0,14.7791,43.2181
Yemen#2026-05-02#3678.0,2026-05-02,Middle East,Yemen,Al Hudaydah,Explosions/Remote violence,Shelling/artillery/missile attack,4,4,175553.0,Political violence,3678.0,14.7791,43.2181
Yemen#2026-04-18#3678.0,2026-04-18,Middle East,Yemen,Al Hudaydah,Protests,Peaceful protest,6,0,53913.0,Demonstrations,3678.0,14.7791,43.2181
Yemen#2026-04-25#3678.0,2026-04-25,Middle East,Yemen,Al Hudaydah,Protests,Peaceful protest,2,0,66467.0,Demonstrations,3678.0,14.7791,43.2181
Yemen#2026-05-02#3678.0,2026-05-02,Middle East,Yemen,Al Hudaydah,Protests,Peaceful protest,3,0,66467.0,Demonstrations,3678.0,14.7791,43.2181
Yemen#2026-04-18#3679.0,2026-04-18,Middle East,Yemen,Al Jawf,Battles,Armed clash,1,0,17575.0,Political violence,3679.0,16.5962,45.5989
Yemen#2026-04-25#3679.0,2026-04-25,Middle East,Yemen,Al Jawf,Battles,Armed clash,5,4,17575.0,Political violence,3679.0,16.5962,45.5989
Yemen#2026-05-02#3679.0,2026-05-02,Middle East,Yemen,Al Jawf,Protests,Peaceful protest,12,0,,Demonstrations,3679.0,16.5962,45.5989
Yemen#2026-04-18#3679.0,2026-04-18,Middle East,Yemen,Al Jawf,Strategic developments,Change to group/activity,1,0,,Strategic developments,3679.0,16.5962,45.5989
Yemen#2026-04-18#3679.0,2026-04-18,Middle East,Yemen,Al Jawf,Violence against civilians,Abduction/forced disappearance,1,0,,Political violence,3679.0,16.5962,45.5989
Yemen#2026-04-18#3679.0,2026-04-18,Middle East,Yemen,Al Jawf,Violence against civilians,Attack,1,1,17575.0,Political violence,3679.0,16.5962,45.5989
Yemen#2026-05-02#3680.0,2026-05-02,Middle East,Yemen,Al Mahrah,Protests,Peaceful protest,1,0,,Demonstrations,3680.0,17.0575,51.8238
Yemen#2026-04-25#3680.0,2026-04-25,Middle East,Yemen,Al Mahrah,Riots,Violent demonstration,1,0,,Demonstrations,3680.0,17.0575,51.8238
Yemen#2026-04-18#3680.0,2026-04-18,Middle East,Yemen,Al Mahrah,Strategic developments,Arrests,1,0,,Strategic developments,3680.0,17.0575,51.8238
Yemen#2026-04-25#3680.0,2026-04-25,Middle East,Yemen,Al Mahrah,Strategic developments,Disrupted weapons use,1,0,,Strategic developments,3680.0,17.0575,51.8238
Yemen#2026-04-25#3680.0,2026-04-25,Middle East,Yemen,Al Mahrah,Violence against civilians,Attack,1,1,44772.0,Political violence,3680.0,17.0575,51.8238
Yemen#2026-04-18#3681.0,2026-04-18,Middle East,Yemen,Al Mahwit,Protests,Peaceful protest,9,0,110997.0,Demonstrations,3681.0,15.3084,43.4994
Yemen#2026-04-25#3681.0,2026-04-25,Middle East,Yemen,Al Mahwit,Protests,Peaceful protest,9,0,111128.0,Demonstrations,3681.0,15.3084,43.4994
Yemen#2026-05-02#3681.0,2026-05-02,Middle East,Yemen,Al Mahwit,Protests,Peaceful protest,10,0,111128.0,Demonstrations,3681.0,15.3084,43.4994
Yemen#2026-04-25#3681.0,2026-04-25,Middle East,Yemen,Al Mahwit,Strategic developments,Change to group/activity,1,0,,Strategic developments,3681.0,15.3084,43.4994
Yemen#2026-04-18#3682.0,2026-04-18,Middle East,Yemen,Amanat al Asimah,Protests,Peaceful protest,3,0,,Demonstrations,3682.0,15.4201,44.1919
Yemen#2026-04-25#3682.0,2026-04-25,Middle East,Yemen,Amanat al Asimah,Protests,Peaceful protest,1,0,56789.0,Demonstrations,3682.0,15.4201,44.1919
Yemen#2026-05-02#3682.0,2026-05-02,Middle East,Yemen,Amanat al Asimah,Protests,Peaceful protest,2,0,56789.0,Demonstrations,3682.0,15.4201,44.1919
Yemen#2026-04-25#3682.0,2026-04-25,Middle East,Yemen,Amanat al Asimah,Strategic developments,Change to group/activity,1,0,,Strategic developments,3682.0,15.4201,44.1919
Yemen#2026-04-25#3682.0,2026-04-25,Middle East,Yemen,Amanat al Asimah,Strategic developments,Looting/property destruction,2,0,,Strategic developments,3682.0,15.4201,44.1919
Yemen#2026-05-02#3682.0,2026-05-02,Middle East,Yemen,Amanat al Asimah,Strategic developments,Looting/property destruction,1,0,,Strategic developments,3682.0,15.4201,44.1919
Yemen#2026-04-25#3682.0,2026-04-25,Middle East,Yemen,Amanat al Asimah,Strategic developments,Other,3,0,,Strategic developments,3682.0,15.4201,44.1919
Yemen#2026-05-02#3682.0,2026-05-02,Middle East,Yemen,Amanat al Asimah,Violence against civilians,Abduction/forced disappearance,1,0,,Political violence,3682.0,15.4201,44.1919
Yemen#2026-05-02#3683.0,2026-05-02,Middle East,Yemen,Amran,Battles,Armed clash,1,0,,Political violence,3683.0,16.1156,43.9414
Yemen#2026-04-25#3683.0,2026-04-25,Middle East,Yemen,Amran,Strategic developments,Change to group/activity,1,0,,Strategic developments,3683.0,16.1156,43.9414
Yemen#2026-04-18#3683.0,2026-04-18,Middle East,Yemen,Amran,Violence against civilians,Abduction/forced disappearance,1,0,,Political violence,3683.0,16.1156,43.9414
Yemen#2026-04-18#3683.0,2026-04-18,Middle East,Yemen,Amran,Violence against civilians,Attack,1,1,77758.0,Political violence,3683.0,16.1156,43.9414
Yemen#2026-04-25#3683.0,2026-04-25,Middle East,Yemen,Amran,Violence against civilians,Attack,1,1,77758.0,Political violence,3683.0,16.1156,43.9414
Yemen#2026-05-02#3683.0,2026-05-02,Middle East,Yemen,Amran,Violence against civilians,Attack,1,2,,Political violence,3683.0,16.1156,43.9414
Yemen#2026-04-25#3684.0,2026-04-25,Middle East,Yemen,Dhamar,Strategic developments,Change to group/activity,1,0,,Strategic developments,3684.0,14.5395,44.3063
Yemen#2026-05-02#4180.0,2026-05-02,Middle East,Yemen,Gulf of Aden,Strategic developments,Arrests,1,0,,Strategic developments,4180.0,12.4081,48.278
Yemen#2026-05-02#4180.0,2026-05-02,Middle East,Yemen,Gulf of Aden,Violence against civilians,Abduction/forced disappearance,1,0,,Political violence,4180.0,12.4081,48.278
Yemen#2026-04-25#3685.0,2026-04-25,Middle East,Yemen,Hadramawt,Explosions/Remote violence,Remote explosive/landmine/IED,1,3,,Political violence,3685.0,16.5288,48.6269
Yemen#2026-04-25#3685.0,2026-04-25,Middle East,Yemen,Hadramawt,Protests,Peaceful protest,2,0,,Demonstrations,3685.0,16.5288,48.6269
Yemen#2026-05-02#3685.0,2026-05-02,Middle East,Yemen,Hadramawt,Protests,Peaceful protest,5,0,,Demonstrations,3685.0,16.5288,48.6269
Yemen#2026-05-02#3685.0,2026-05-02,Middle East,Yemen,Hadramawt,Protests,Protest with intervention,1,0,,Demonstrations,3685.0,16.5288,48.6269
Yemen#2026-05-02#3685.0,2026-05-02,Middle East,Yemen,Hadramawt,Strategic developments,Change to group/activity,1,0,,Strategic developments,3685.0,16.5288,48.6269
Yemen#2026-04-25#3685.0,2026-04-25,Middle East,Yemen,Hadramawt,Strategic developments,Disrupted weapons use,3,0,,Strategic developments,3685.0,16.5288,48.6269
Yemen#2026-04-25#3685.0,2026-04-25,Middle East,Yemen,Hadramawt,Strategic developments,Looting/property destruction,1,0,,Strategic developments,3685.0,16.5288,48.6269
Yemen#2026-05-02#3685.0,2026-05-02,Middle East,Yemen,Hadramawt,Strategic developments,Other,1,0,,Strategic developments,3685.0,16.5288,48.6269
Yemen#2026-05-02#3685.0,2026-05-02,Middle East,Yemen,Hadramawt,Violence against civilians,Abduction/forced disappearance,1,0,,Political violence,3685.0,16.5288,48.6269
Yemen#2026-04-25#3685.0,2026-04-25,Middle East,Yemen,Hadramawt,Violence against civilians,Attack,1,0,,Political violence,3685.0,16.5288,48.6269
Yemen#2026-04-25#3686.0,2026-04-25,Middle East,Yemen,Hajjah,Battles,Armed clash,1,0,3.0,Political violence,3686.0,16.0944,43.2039
Yemen#2026-04-18#3686.0,2026-04-18,Middle East,Yemen,Hajjah,Protests,Peaceful protest,9,0,19317.0,Demonstrations,3686.0,16.0944,43.2039
Yemen#2026-04-25#3686.0,2026-04-25,Middle East,Yemen,Hajjah,Protests,Peaceful protest,2,0,19317.0,Demonstrations,3686.0,16.0944,43.2039
Yemen#2026-05-02#3686.0,2026-05-02,Middle East,Yemen,Hajjah,Protests,Peaceful protest,16,0,19317.0,Demonstrations,3686.0,16.0944,43.2039
Yemen#2026-05-02#3686.0,2026-05-02,Middle East,Yemen,Hajjah,Strategic developments,Looting/property destruction,1,0,,Strategic developments,3686.0,16.0944,43.2039
Yemen#2026-04-18#3687.0,2026-04-18,Middle East,Yemen,Ibb,Protests,Peaceful protest,4,0,23220.0,Demonstrations,3687.0,14.0881,44.175
Yemen#2026-04-25#3687.0,2026-04-25,Middle East,Yemen,Ibb,Protests,Peaceful protest,2,0,23220.0,Demonstrations,3687.0,14.0881,44.175
Yemen#2026-05-02#3687.0,2026-05-02,Middle East,Yemen,Ibb,Protests,Peaceful protest,3,0,23220.0,Demonstrations,3687.0,14.0881,44.175
Yemen#2026-05-02#3687.0,2026-05-02,Middle East,Yemen,Ibb,Strategic developments,Change to group/activity,1,0,,Strategic developments,3687.0,14.0881,44.175
Yemen#2026-04-18#3687.0,2026-04-18,Middle East,Yemen,Ibb,Strategic developments,Headquarters or base established,1,0,,Strategic developments,3687.0,14.0881,44.175
Yemen#2026-04-25#3687.0,2026-04-25,Middle East,Yemen,Ibb,Strategic developments,Looting/property destruction,1,0,,Strategic developments,3687.0,14.0881,44.175
Yemen#2026-04-18#3687.0,2026-04-18,Middle East,Yemen,Ibb,Violence against civilians,Abduction/forced disappearance,3,0,36219.0,Political violence,3687.0,14.0881,44.175
Yemen#2026-04-25#3687.0,2026-04-25,Middle East,Yemen,Ibb,Violence against civilians,Abduction/forced disappearance,2,0,2544.0,Political violence,3687.0,14.0881,44.175
Yemen#2026-04-18#3687.0,2026-04-18,Middle East,Yemen,Ibb,Violence against civilians,Attack,3,1,38526.0,Political violence,3687.0,14.0881,44.175
Yemen#2026-04-25#3687.0,2026-04-25,Middle East,Yemen,Ibb,Violence against civilians,Attack,3,2,19636.0,Political violence,3687.0,14.0881,44.175
Yemen#2026-05-02#3687.0,2026-05-02,Middle East,Yemen,Ibb,Violence against civilians,Attack,3,0,36219.0,Political violence,3687.0,14.0881,44.175
Yemen#2026-04-18#3688.0,2026-04-18,Middle East,Yemen,Lahij,Battles,Armed clash,3,1,17533.0,Political violence,3688.0,13.3204,44.7623
Yemen#2026-04-25#3688.0,2026-04-25,Middle East,Yemen,Lahij,Battles,Armed clash,2,0,,Political violence,3688.0,13.3204,44.7623
Yemen#2026-05-02#3688.0,2026-05-02,Middle East,Yemen,Lahij,Battles,Armed clash,1,0,,Political violence,3688.0,13.3204,44.7623
Yemen#2026-04-18#3688.0,2026-04-18,Middle East,Yemen,Lahij,Explosions/Remote violence,Shelling/artillery/missile attack,1,1,,Political violence,3688.0,13.3204,44.7623
Yemen#2026-04-18#3688.0,2026-04-18,Middle East,Yemen,Lahij,Protests,Peaceful protest,2,0,,Demonstrations,3688.0,13.3204,44.7623
Yemen#2026-05-02#3688.0,2026-05-02,Middle East,Yemen,Lahij,Protests,Peaceful protest,2,0,,Demonstrations,3688.0,13.3204,44.7623
Yemen#2026-04-18#3688.0,2026-04-18,Middle East,Yemen,Lahij,Violence against civilians,Abduction/forced disappearance,1,0,,Political violence,3688.0,13.3204,44.7623
Yemen#2026-04-25#3688.0,2026-04-25,Middle East,Yemen,Lahij,Violence against civilians,Attack,1,1,,Political violence,3688.0,13.3204,44.7623
Yemen#2026-04-18#3689.0,2026-04-18,Middle East,Yemen,Marib,Battles,Armed clash,8,3,5169.0,Political violence,3689.0,15.3329,45.4523
Yemen#2026-04-25#3689.0,2026-04-25,Middle East,Yemen,Marib,Explosions/Remote violence,Air/drone strike,4,5,45593.0,Political violence,3689.0,15.3329,45.4523
Yemen#2026-04-18#3689.0,2026-04-18,Middle East,Yemen,Marib,Protests,Peaceful protest,1,0,,Demonstrations,3689.0,15.3329,45.4523
Yemen#2026-04-25#3689.0,2026-04-25,Middle East,Yemen,Marib,Protests,Peaceful protest,1,0,15958.0,Demonstrations,3689.0,15.3329,45.4523
Yemen#2026-04-18#3689.0,2026-04-18,Middle East,Yemen,Marib,Strategic developments,Looting/property destruction,1,0,,Strategic developments,3689.0,15.3329,45.4523
Yemen#2026-04-18#3689.0,2026-04-18,Middle East,Yemen,Marib,Violence against civilians,Attack,1,0,,Political violence,3689.0,15.3329,45.4523
Yemen#2026-04-18#3690.0,2026-04-18,Middle East,Yemen,Raymah,Protests,Peaceful protest,2,0,3103.0,Demonstrations,3690.0,14.657,43.6874
Yemen#2026-04-25#3690.0,2026-04-25,Middle East,Yemen,Raymah,Protests,Peaceful protest,2,0,3103.0,Demonstrations,3690.0,14.657,43.6874
Yemen#2026-05-02#3690.0,2026-05-02,Middle East,Yemen,Raymah,Protests,Peaceful protest,2,0,3103.0,Demonstrations,3690.0,14.657,43.6874
Yemen#2026-04-25#3690.0,2026-04-25,Middle East,Yemen,Raymah,Violence against civilians,Abduction/forced disappearance,1,0,18863.0,Political violence,3690.0,14.657,43.6874
Yemen#2026-04-18#3691.0,2026-04-18,Middle East,Yemen,Sadah,Protests,Peaceful protest,4,0,54787.0,Demonstrations,3691.0,17.0883,44.0424
Yemen#2026-05-02#3691.0,2026-05-02,Middle East,Yemen,Sadah,Protests,Peaceful protest,2,0,,Demonstrations,3691.0,17.0883,44.0424
Yemen#2026-04-25#3691.0,2026-04-25,Middle East,Yemen,Sadah,Violence against civilians,Attack,1,2,,Political violence,3691.0,17.0883,44.0424
Yemen#2026-05-02#3692.0,2026-05-02,Middle East,Yemen,Sanaa,Battles,Armed clash,2,0,,Political violence,3692.0,15.3931,44.4753
Yemen#2026-04-18#3692.0,2026-04-18,Middle East,Yemen,Sanaa,Protests,Peaceful protest,1,0,1082.0,Demonstrations,3692.0,15.3931,44.4753
Yemen#2026-05-02#3692.0,2026-05-02,Middle East,Yemen,Sanaa,Protests,Peaceful protest,3,0,,Demonstrations,3692.0,15.3931,44.4753
Yemen#2026-04-18#3692.0,2026-04-18,Middle East,Yemen,Sanaa,Violence against civilians,Attack,1,1,6152.0,Political violence,3692.0,15.3931,44.4753
Yemen#2026-04-18#3693.0,2026-04-18,Middle East,Yemen,Shabwah,Battles,Armed clash,1,0,,Political violence,3693.0,14.651,46.62
Yemen#2026-04-25#3693.0,2026-04-25,Middle East,Yemen,Shabwah,Battles,Armed clash,2,0,33414.0,Political violence,3693.0,14.651,46.62
Yemen#2026-05-02#3693.0,2026-05-02,Middle East,Yemen,Shabwah,Battles,Armed clash,4,1,,Political violence,3693.0,14.651,46.62
Yemen#2026-05-02#3693.0,2026-05-02,Middle East,Yemen,Shabwah,Explosions/Remote violence,Shelling/artillery/missile attack,1,0,,Political violence,3693.0,14.651,46.62
Yemen#2026-04-18#3693.0,2026-04-18,Middle East,Yemen,Shabwah,Protests,Peaceful protest,2,0,14822.0,Demonstrations,3693.0,14.651,46.62
Yemen#2026-04-18#3693.0,2026-04-18,Middle East,Yemen,Shabwah,Strategic developments,Change to group/activity,1,0,,Strategic developments,3693.0,14.651,46.62
Yemen#2026-04-25#3693.0,2026-04-25,Middle East,Yemen,Shabwah,Strategic developments,Non-violent transfer of territory,6,0,,Strategic developments,3693.0,14.651,46.62
Yemen#2026-04-18#3693.0,2026-04-18,Middle East,Yemen,Shabwah,Violence against civilians,Attack,1,0,27401.0,Political violence,3693.0,14.651,46.62
Yemen#2026-04-25#3694.0,2026-04-25,Middle East,Yemen,Suqutra,Protests,Peaceful protest,1,0,,Demonstrations,3694.0,12.5081,53.893
Yemen#2026-05-02#3694.0,2026-05-02,Middle East,Yemen,Suqutra,Protests,Peaceful protest,1,0,,Demonstrations,3694.0,12.5081,53.893
Yemen#2026-04-18#3695.0,2026-04-18,Middle East,Yemen,Taizz,Battles,Armed clash,3,3,,Political violence,3695.0,13.2949,43.7855
Yemen#2026-05-02#3695.0,2026-05-02,Middle East,Yemen,Taizz,Battles,Armed clash,1,0,17582.0,Political violence,3695.0,13.2949,43.7855
Yemen#2026-04-18#3695.0,2026-04-18,Middle East,Yemen,Taizz,Explosions/Remote violence,Shelling/artillery/missile attack,1,1,,Political violence,3695.0,13.2949,43.7855
Yemen#2026-04-18#3695.0,2026-04-18,Middle East,Yemen,Taizz,Protests,Peaceful protest,3,0,31740.0,Demonstrations,3695.0,13.2949,43.7855
Yemen#2026-04-25#3695.0,2026-04-25,Middle East,Yemen,Taizz,Protests,Peaceful protest,2,0,17582.0,Demonstrations,3695.0,13.2949,43.7855
Yemen#2026-05-02#3695.0,2026-05-02,Middle East,Yemen,Taizz,Protests,Peaceful protest,5,0,17582.0,Demonstrations,3695.0,13.2949,43.7855
Yemen#2026-04-18#3695.0,2026-04-18,Middle East,Yemen,Taizz,Strategic developments,Change to group/activity,1,0,,Strategic developments,3695.0,13.2949,43.7855
Yemen#2026-04-18#3695.0,2026-04-18,Middle East,Yemen,Taizz,Violence against civilians,Abduction/forced disappearance,1,0,,Political violence,3695.0,13.2949,43.7855
Yemen#2026-04-18#3695.0,2026-04-18,Middle East,Yemen,Taizz,Violence against civilians,Attack,2,0,,Political violence,3695.0,13.2949,43.7855
Yemen#2026-04-25#3695.0,2026-04-25,Middle East,Yemen,Taizz,Violence against civilians,Attack,2,0,,Political violence,3695.0,13.2949,43.7855
Yemen#2026-05-02#3695.0,2026-05-02,Middle East,Yemen,Taizz,Violence against civilians,Attack,1,0,,Political violence,3695.0,13.2949,43.7855
